STONE,minecraft_stone,Stone,true,true
GRANITE,minecraft_granite,Granite,true,true
POLISHED_GRANITE,minecraft_polished_granite,Polished Granite,true,true
DIORITE,minecraft_diorite,Diorite,true,true
POLISHED_DIORITE,minecraft_polished_diorite,Polished Diorite,true,true
ANDESITE,minecraft_andesite,Andesite,true,true
POLISHED_ANDESITE,minecraft_polished_andesite,Polished Andesite,true,true
DEEPSLATE,minecraft_deepslate,Deepslate,true,true
COBBLED_DEEPSLATE,minecraft_cobbled_deepslate,Cobbled Deepslate,true,true
POLISHED_DEEPSLATE,minecraft_polished_deepslate,Polished Deepslate,true,true
CALCITE,minecraft_calcite,Calcite,true,true
TUFF,minecraft_tuff,Tuff,true,true
DRIPSTONE_BLOCK,minecraft_dripstone_block,Dripstone Block,true,true
GRASS_BLOCK,minecraft_grass_block,Grass Block,true,true
DIRT,minecraft_dirt,Dirt,true,true
COARSE_DIRT,minecraft_coarse_dirt,Coarse Dirt,true,true
PODZOL,minecraft_podzol,Podzol,true,true
ROOTED_DIRT,minecraft_rooted_dirt,Rooted Dirt,true,true
MUD,minecraft_mud,Mud,true,true
CRIMSON_NYLIUM,minecraft_crimson_nylium,Crimson Nylium,true,true
WARPED_NYLIUM,minecraft_warped_nylium,Warped Nylium,true,true
COBBLESTONE,minecraft_cobblestone,Cobblestone,true,true
OAK_PLANKS,minecraft_oak_planks,Oak Planks,true,true
SPRUCE_PLANKS,minecraft_spruce_planks,Spruce Planks,true,true
BIRCH_PLANKS,minecraft_birch_planks,Birch Planks,true,true
JUNGLE_PLANKS,minecraft_jungle_planks,Jungle Planks,true,true
ACACIA_PLANKS,minecraft_acacia_planks,Acacia Planks,true,true
CHERRY_PLANKS,minecraft_cherry_planks,Cherry Planks,true,true
DARK_OAK_PLANKS,minecraft_dark_oak_planks,Dark Oak Planks,true,true
MANGROVE_PLANKS,minecraft_mangrove_planks,Mangrove Planks,true,true
BAMBOO_PLANKS,minecraft_bamboo_planks,Bamboo Planks,true,true
CRIMSON_PLANKS,minecraft_crimson_planks,Crimson Planks,true,true
WARPED_PLANKS,minecraft_warped_planks,Warped Planks,true,true
BAMBOO_MOSAIC,minecraft_bamboo_mosaic,Bamboo Mosaic,true,true
OAK_SAPLING,minecraft_oak_sapling,Oak Sapling,true,true
SPRUCE_SAPLING,minecraft_spruce_sapling,Spruce Sapling,true,true
BIRCH_SAPLING,minecraft_birch_sapling,Birch Sapling,true,true
JUNGLE_SAPLING,minecraft_jungle_sapling,Jungle Sapling,true,true
ACACIA_SAPLING,minecraft_acacia_sapling,Acacia Sapling,true,true
CHERRY_SAPLING,minecraft_cherry_sapling,Cherry Sapling,true,true
DARK_OAK_SAPLING,minecraft_dark_oak_sapling,Dark Oak Sapling,true,true
MANGROVE_PROPAGULE,minecraft_mangrove_propagule,Mangrove Propagule,true,true
BEDROCK,minecraft_bedrock,Bedrock,true,true
SAND,minecraft_sand,Sand,true,true
SUSPICIOUS_SAND,minecraft_suspicious_sand,Suspicious Sand,true,true
SUSPICIOUS_GRAVEL,minecraft_suspicious_gravel,Suspicious Gravel,true,true
RED_SAND,minecraft_red_sand,Red Sand,true,true
GRAVEL,minecraft_gravel,Gravel,true,true
COAL_ORE,minecraft_coal_ore,Coal Ore,true,true
DEEPSLATE_COAL_ORE,minecraft_deepslate_coal_ore,Deepslate Coal Ore,true,true
IRON_ORE,minecraft_iron_ore,Iron Ore,true,true
DEEPSLATE_IRON_ORE,minecraft_deepslate_iron_ore,Deepslate Iron Ore,true,true
COPPER_ORE,minecraft_copper_ore,Copper Ore,true,true
DEEPSLATE_COPPER_ORE,minecraft_deepslate_copper_ore,Deepslate Copper Ore,true,true
GOLD_ORE,minecraft_gold_ore,Gold Ore,true,true
DEEPSLATE_GOLD_ORE,minecraft_deepslate_gold_ore,Deepslate Gold Ore,true,true
REDSTONE_ORE,minecraft_redstone_ore,Redstone Ore,true,true
DEEPSLATE_REDSTONE_ORE,minecraft_deepslate_redstone_ore,Deepslate Redstone Ore,true,true
EMERALD_ORE,minecraft_emerald_ore,Emerald Ore,true,true
DEEPSLATE_EMERALD_ORE,minecraft_deepslate_emerald_ore,Deepslate Emerald Ore,true,true
LAPIS_ORE,minecraft_lapis_ore,Lapis Ore,true,true
DEEPSLATE_LAPIS_ORE,minecraft_deepslate_lapis_ore,Deepslate Lapis Ore,true,true
DIAMOND_ORE,minecraft_diamond_ore,Diamond Ore,true,true
DEEPSLATE_DIAMOND_ORE,minecraft_deepslate_diamond_ore,Deepslate Diamond Ore,true,true
NETHER_GOLD_ORE,minecraft_nether_gold_ore,Nether Gold Ore,true,true
NETHER_QUARTZ_ORE,minecraft_nether_quartz_ore,Nether Quartz Ore,true,true
ANCIENT_DEBRIS,minecraft_ancient_debris,Ancient Debris,true,true
COAL_BLOCK,minecraft_coal_block,Coal Block,true,true
RAW_IRON_BLOCK,minecraft_raw_iron_block,Raw Iron Block,true,true
RAW_COPPER_BLOCK,minecraft_raw_copper_block,Raw Copper Block,true,true
RAW_GOLD_BLOCK,minecraft_raw_gold_block,Raw Gold Block,true,true
AMETHYST_BLOCK,minecraft_amethyst_block,Amethyst Block,true,true
BUDDING_AMETHYST,minecraft_budding_amethyst,Budding Amethyst,true,true
IRON_BLOCK,minecraft_iron_block,Iron Block,true,true
COPPER_BLOCK,minecraft_copper_block,Copper Block,true,true
GOLD_BLOCK,minecraft_gold_block,Gold Block,true,true
DIAMOND_BLOCK,minecraft_diamond_block,Diamond Block,true,true
NETHERITE_BLOCK,minecraft_netherite_block,Netherite Block,true,true
EXPOSED_COPPER,minecraft_exposed_copper,Exposed Copper,true,true
WEATHERED_COPPER,minecraft_weathered_copper,Weathered Copper,true,true
OXIDIZED_COPPER,minecraft_oxidized_copper,Oxidized Copper,true,true
CUT_COPPER,minecraft_cut_copper,Cut Copper,true,true
EXPOSED_CUT_COPPER,minecraft_exposed_cut_copper,Exposed Cut Copper,true,true
WEATHERED_CUT_COPPER,minecraft_weathered_cut_copper,Weathered Cut Copper,true,true
OXIDIZED_CUT_COPPER,minecraft_oxidized_cut_copper,Oxidized Cut Copper,true,true
CUT_COPPER_STAIRS,minecraft_cut_copper_stairs,Cut Copper Stairs,true,true
EXPOSED_CUT_COPPER_STAIRS,minecraft_exposed_cut_copper_stairs,Exposed Cut Copper Stairs,true,true
WEATHERED_CUT_COPPER_STAIRS,minecraft_weathered_cut_copper_stairs,Weathered Cut Copper Stairs,true,true
OXIDIZED_CUT_COPPER_STAIRS,minecraft_oxidized_cut_copper_stairs,Oxidized Cut Copper Stairs,true,true
CUT_COPPER_SLAB,minecraft_cut_copper_slab,Cut Copper Slab,true,true
EXPOSED_CUT_COPPER_SLAB,minecraft_exposed_cut_copper_slab,Exposed Cut Copper Slab,true,true
WEATHERED_CUT_COPPER_SLAB,minecraft_weathered_cut_copper_slab,Weathered Cut Copper Slab,true,true
OXIDIZED_CUT_COPPER_SLAB,minecraft_oxidized_cut_copper_slab,Oxidized Cut Copper Slab,true,true
WAXED_COPPER_BLOCK,minecraft_waxed_copper_block,Waxed Copper Block,true,true
WAXED_EXPOSED_COPPER,minecraft_waxed_exposed_copper,Waxed Exposed Copper,true,true
WAXED_WEATHERED_COPPER,minecraft_waxed_weathered_copper,Waxed Weathered Copper,true,true
WAXED_OXIDIZED_COPPER,minecraft_waxed_oxidized_copper,Waxed Oxidized Copper,true,true
WAXED_CUT_COPPER,minecraft_waxed_cut_copper,Waxed Cut Copper,true,true
WAXED_EXPOSED_CUT_COPPER,minecraft_waxed_exposed_cut_copper,Waxed Exposed Cut Copper,true,true
WAXED_WEATHERED_CUT_COPPER,minecraft_waxed_weathered_cut_copper,Waxed Weathered Cut Copper,true,true
WAXED_OXIDIZED_CUT_COPPER,minecraft_waxed_oxidized_cut_copper,Waxed Oxidized Cut Copper,true,true
WAXED_CUT_COPPER_STAIRS,minecraft_waxed_cut_copper_stairs,Waxed Cut Copper Stairs,true,true
WAXED_EXPOSED_CUT_COPPER_STAIRS,minecraft_waxed_exposed_cut_copper_stairs,Waxed Exposed Cut Copper Stairs,true,true
WAXED_WEATHERED_CUT_COPPER_STAIRS,minecraft_waxed_weathered_cut_copper_stairs,Waxed Weathered Cut Copper Stairs,true,true
WAXED_OXIDIZED_CUT_COPPER_STAIRS,minecraft_waxed_oxidized_cut_copper_stairs,Waxed Oxidized Cut Copper Stairs,true,true
WAXED_CUT_COPPER_SLAB,minecraft_waxed_cut_copper_slab,Waxed Cut Copper Slab,true,true
WAXED_EXPOSED_CUT_COPPER_SLAB,minecraft_waxed_exposed_cut_copper_slab,Waxed Exposed Cut Copper Slab,true,true
WAXED_WEATHERED_CUT_COPPER_SLAB,minecraft_waxed_weathered_cut_copper_slab,Waxed Weathered Cut Copper Slab,true,true
WAXED_OXIDIZED_CUT_COPPER_SLAB,minecraft_waxed_oxidized_cut_copper_slab,Waxed Oxidized Cut Copper Slab,true,true
OAK_LOG,minecraft_oak_log,Oak Log,true,true
SPRUCE_LOG,minecraft_spruce_log,Spruce Log,true,true
BIRCH_LOG,minecraft_birch_log,Birch Log,true,true
JUNGLE_LOG,minecraft_jungle_log,Jungle Log,true,true
ACACIA_LOG,minecraft_acacia_log,Acacia Log,true,true
CHERRY_LOG,minecraft_cherry_log,Cherry Log,true,true
DARK_OAK_LOG,minecraft_dark_oak_log,Dark Oak Log,true,true
MANGROVE_LOG,minecraft_mangrove_log,Mangrove Log,true,true
MANGROVE_ROOTS,minecraft_mangrove_roots,Mangrove Roots,true,true
MUDDY_MANGROVE_ROOTS,minecraft_muddy_mangrove_roots,Muddy Mangrove Roots,true,true
CRIMSON_STEM,minecraft_crimson_stem,Crimson Stem,true,true
WARPED_STEM,minecraft_warped_stem,Warped Stem,true,true
BAMBOO_BLOCK,minecraft_bamboo_block,Bamboo Block,true,true
STRIPPED_OAK_LOG,minecraft_stripped_oak_log,Stripped Oak Log,true,true
STRIPPED_SPRUCE_LOG,minecraft_stripped_spruce_log,Stripped Spruce Log,true,true
STRIPPED_BIRCH_LOG,minecraft_stripped_birch_log,Stripped Birch Log,true,true
STRIPPED_JUNGLE_LOG,minecraft_stripped_jungle_log,Stripped Jungle Log,true,true
STRIPPED_ACACIA_LOG,minecraft_stripped_acacia_log,Stripped Acacia Log,true,true
STRIPPED_CHERRY_LOG,minecraft_stripped_cherry_log,Stripped Cherry Log,true,true
STRIPPED_DARK_OAK_LOG,minecraft_stripped_dark_oak_log,Stripped Dark Oak Log,true,true
STRIPPED_MANGROVE_LOG,minecraft_stripped_mangrove_log,Stripped Mangrove Log,true,true
STRIPPED_CRIMSON_STEM,minecraft_stripped_crimson_stem,Stripped Crimson Stem,true,true
STRIPPED_WARPED_STEM,minecraft_stripped_warped_stem,Stripped Warped Stem,true,true
STRIPPED_OAK_WOOD,minecraft_stripped_oak_wood,Stripped Oak Wood,true,true
STRIPPED_SPRUCE_WOOD,minecraft_stripped_spruce_wood,Stripped Spruce Wood,true,true
STRIPPED_BIRCH_WOOD,minecraft_stripped_birch_wood,Stripped Birch Wood,true,true
STRIPPED_JUNGLE_WOOD,minecraft_stripped_jungle_wood,Stripped Jungle Wood,true,true
STRIPPED_ACACIA_WOOD,minecraft_stripped_acacia_wood,Stripped Acacia Wood,true,true
STRIPPED_CHERRY_WOOD,minecraft_stripped_cherry_wood,Stripped Cherry Wood,true,true
STRIPPED_DARK_OAK_WOOD,minecraft_stripped_dark_oak_wood,Stripped Dark Oak Wood,true,true
STRIPPED_MANGROVE_WOOD,minecraft_stripped_mangrove_wood,Stripped Mangrove Wood,true,true
STRIPPED_CRIMSON_HYPHAE,minecraft_stripped_crimson_hyphae,Stripped Crimson Hyphae,true,true
STRIPPED_WARPED_HYPHAE,minecraft_stripped_warped_hyphae,Stripped Warped Hyphae,true,true
STRIPPED_BAMBOO_BLOCK,minecraft_stripped_bamboo_block,Stripped Bamboo Block,true,true
OAK_WOOD,minecraft_oak_wood,Oak Wood,true,true
SPRUCE_WOOD,minecraft_spruce_wood,Spruce Wood,true,true
BIRCH_WOOD,minecraft_birch_wood,Birch Wood,true,true
JUNGLE_WOOD,minecraft_jungle_wood,Jungle Wood,true,true
ACACIA_WOOD,minecraft_acacia_wood,Acacia Wood,true,true
CHERRY_WOOD,minecraft_cherry_wood,Cherry Wood,true,true
DARK_OAK_WOOD,minecraft_dark_oak_wood,Dark Oak Wood,true,true
MANGROVE_WOOD,minecraft_mangrove_wood,Mangrove Wood,true,true
CRIMSON_HYPHAE,minecraft_crimson_hyphae,Crimson Hyphae,true,true
WARPED_HYPHAE,minecraft_warped_hyphae,Warped Hyphae,true,true
OAK_LEAVES,minecraft_oak_leaves,Oak Leaves,true,true
SPRUCE_LEAVES,minecraft_spruce_leaves,Spruce Leaves,true,true
BIRCH_LEAVES,minecraft_birch_leaves,Birch Leaves,true,true
JUNGLE_LEAVES,minecraft_jungle_leaves,Jungle Leaves,true,true
ACACIA_LEAVES,minecraft_acacia_leaves,Acacia Leaves,true,true
CHERRY_LEAVES,minecraft_cherry_leaves,Cherry Leaves,true,true
DARK_OAK_LEAVES,minecraft_dark_oak_leaves,Dark Oak Leaves,true,true
MANGROVE_LEAVES,minecraft_mangrove_leaves,Mangrove Leaves,true,true
AZALEA_LEAVES,minecraft_azalea_leaves,Azalea Leaves,true,true
FLOWERING_AZALEA_LEAVES,minecraft_flowering_azalea_leaves,Flowering Azalea Leaves,true,true
SPONGE,minecraft_sponge,Sponge,true,true
WET_SPONGE,minecraft_wet_sponge,Wet Sponge,true,true
GLASS,minecraft_glass,Glass,true,true
TINTED_GLASS,minecraft_tinted_glass,Tinted Glass,true,true
LAPIS_BLOCK,minecraft_lapis_block,Lapis Block,true,true
SANDSTONE,minecraft_sandstone,Sandstone,true,true
CHISELED_SANDSTONE,minecraft_chiseled_sandstone,Chiseled Sandstone,true,true
CUT_SANDSTONE,minecraft_cut_sandstone,Cut Sandstone,true,true
COBWEB,minecraft_cobweb,Cobweb,true,true
GRASS,minecraft_grass,Grass,true,true
FERN,minecraft_fern,Fern,true,true
AZALEA,minecraft_azalea,Azalea,true,true
FLOWERING_AZALEA,minecraft_flowering_azalea,Flowering Azalea,true,true
DEAD_BUSH,minecraft_dead_bush,Dead Bush,true,true
SEAGRASS,minecraft_seagrass,Seagrass,true,true
SEA_PICKLE,minecraft_sea_pickle,Sea Pickle,true,true
WHITE_WOOL,minecraft_white_wool,White Wool,true,true
ORANGE_WOOL,minecraft_orange_wool,Orange Wool,true,true
MAGENTA_WOOL,minecraft_magenta_wool,Magenta Wool,true,true
LIGHT_BLUE_WOOL,minecraft_light_blue_wool,Light Blue Wool,true,true
YELLOW_WOOL,minecraft_yellow_wool,Yellow Wool,true,true
LIME_WOOL,minecraft_lime_wool,Lime Wool,true,true
PINK_WOOL,minecraft_pink_wool,Pink Wool,true,true
GRAY_WOOL,minecraft_gray_wool,Gray Wool,true,true
LIGHT_GRAY_WOOL,minecraft_light_gray_wool,Light Gray Wool,true,true
CYAN_WOOL,minecraft_cyan_wool,Cyan Wool,true,true
PURPLE_WOOL,minecraft_purple_wool,Purple Wool,true,true
BLUE_WOOL,minecraft_blue_wool,Blue Wool,true,true
BROWN_WOOL,minecraft_brown_wool,Brown Wool,true,true
GREEN_WOOL,minecraft_green_wool,Green Wool,true,true
RED_WOOL,minecraft_red_wool,Red Wool,true,true
BLACK_WOOL,minecraft_black_wool,Black Wool,true,true
DANDELION,minecraft_dandelion,Dandelion,true,true
POPPY,minecraft_poppy,Poppy,true,true
BLUE_ORCHID,minecraft_blue_orchid,Blue Orchid,true,true
ALLIUM,minecraft_allium,Allium,true,true
AZURE_BLUET,minecraft_azure_bluet,Azure Bluet,true,true
RED_TULIP,minecraft_red_tulip,Red Tulip,true,true
ORANGE_TULIP,minecraft_orange_tulip,Orange Tulip,true,true
WHITE_TULIP,minecraft_white_tulip,White Tulip,true,true
PINK_TULIP,minecraft_pink_tulip,Pink Tulip,true,true
OXEYE_DAISY,minecraft_oxeye_daisy,Oxeye Daisy,true,true
CORNFLOWER,minecraft_cornflower,Cornflower,true,true
LILY_OF_THE_VALLEY,minecraft_lily_of_the_valley,Lily Of The Valley,true,true
WITHER_ROSE,minecraft_wither_rose,Wither Rose,true,true
TORCHFLOWER,minecraft_torchflower,Torchflower,true,true
PITCHER_PLANT,minecraft_pitcher_plant,Pitcher Plant,true,true
SPORE_BLOSSOM,minecraft_spore_blossom,Spore Blossom,true,true
BROWN_MUSHROOM,minecraft_brown_mushroom,Brown Mushroom,true,true
RED_MUSHROOM,minecraft_red_mushroom,Red Mushroom,true,true
CRIMSON_FUNGUS,minecraft_crimson_fungus,Crimson Fungus,true,true
WARPED_FUNGUS,minecraft_warped_fungus,Warped Fungus,true,true
CRIMSON_ROOTS,minecraft_crimson_roots,Crimson Roots,true,true
WARPED_ROOTS,minecraft_warped_roots,Warped Roots,true,true
NETHER_SPROUTS,minecraft_nether_sprouts,Nether Sprouts,true,true
WEEPING_VINES,minecraft_weeping_vines,Weeping Vines,true,true
TWISTING_VINES,minecraft_twisting_vines,Twisting Vines,true,true
SUGAR_CANE,minecraft_sugar_cane,Sugar Cane,true,true
KELP,minecraft_kelp,Kelp,true,true
MOSS_CARPET,minecraft_moss_carpet,Moss Carpet,true,true
PINK_PETALS,minecraft_pink_petals,Pink Petals,true,true
MOSS_BLOCK,minecraft_moss_block,Moss Block,true,true
HANGING_ROOTS,minecraft_hanging_roots,Hanging Roots,true,true
BIG_DRIPLEAF,minecraft_big_dripleaf,Big Dripleaf,true,true
SMALL_DRIPLEAF,minecraft_small_dripleaf,Small Dripleaf,true,true
BAMBOO,minecraft_bamboo,Bamboo,true,true
OAK_SLAB,minecraft_oak_slab,Oak Slab,true,true
SPRUCE_SLAB,minecraft_spruce_slab,Spruce Slab,true,true
BIRCH_SLAB,minecraft_birch_slab,Birch Slab,true,true
JUNGLE_SLAB,minecraft_jungle_slab,Jungle Slab,true,true
ACACIA_SLAB,minecraft_acacia_slab,Acacia Slab,true,true
CHERRY_SLAB,minecraft_cherry_slab,Cherry Slab,true,true
DARK_OAK_SLAB,minecraft_dark_oak_slab,Dark Oak Slab,true,true
MANGROVE_SLAB,minecraft_mangrove_slab,Mangrove Slab,true,true
BAMBOO_SLAB,minecraft_bamboo_slab,Bamboo Slab,true,true
BAMBOO_MOSAIC_SLAB,minecraft_bamboo_mosaic_slab,Bamboo Mosaic Slab,true,true
CRIMSON_SLAB,minecraft_crimson_slab,Crimson Slab,true,true
WARPED_SLAB,minecraft_warped_slab,Warped Slab,true,true
STONE_SLAB,minecraft_stone_slab,Stone Slab,true,true
SMOOTH_STONE_SLAB,minecraft_smooth_stone_slab,Smooth Stone Slab,true,true
SANDSTONE_SLAB,minecraft_sandstone_slab,Sandstone Slab,true,true
CUT_SANDSTONE_SLAB,minecraft_cut_sandstone_slab,Cut Sandstone Slab,true,true
PETRIFIED_OAK_SLAB,minecraft_petrified_oak_slab,Petrified Oak Slab,true,true
COBBLESTONE_SLAB,minecraft_cobblestone_slab,Cobblestone Slab,true,true
BRICK_SLAB,minecraft_brick_slab,Brick Slab,true,true
STONE_BRICK_SLAB,minecraft_stone_brick_slab,Stone Brick Slab,true,true
MUD_BRICK_SLAB,minecraft_mud_brick_slab,Mud Brick Slab,true,true
NETHER_BRICK_SLAB,minecraft_nether_brick_slab,Nether Brick Slab,true,true
QUARTZ_SLAB,minecraft_quartz_slab,Quartz Slab,true,true
RED_SANDSTONE_SLAB,minecraft_red_sandstone_slab,Red Sandstone Slab,true,true
CUT_RED_SANDSTONE_SLAB,minecraft_cut_red_sandstone_slab,Cut Red Sandstone Slab,true,true
PURPUR_SLAB,minecraft_purpur_slab,Purpur Slab,true,true
PRISMARINE_SLAB,minecraft_prismarine_slab,Prismarine Slab,true,true
PRISMARINE_BRICK_SLAB,minecraft_prismarine_brick_slab,Prismarine Brick Slab,true,true
DARK_PRISMARINE_SLAB,minecraft_dark_prismarine_slab,Dark Prismarine Slab,true,true
SMOOTH_QUARTZ,minecraft_smooth_quartz,Smooth Quartz,true,true
SMOOTH_RED_SANDSTONE,minecraft_smooth_red_sandstone,Smooth Red Sandstone,true,true
SMOOTH_SANDSTONE,minecraft_smooth_sandstone,Smooth Sandstone,true,true
SMOOTH_STONE,minecraft_smooth_stone,Smooth Stone,true,true
BRICKS,minecraft_bricks,Bricks,true,true
BOOKSHELF,minecraft_bookshelf,Bookshelf,true,true
CHISELED_BOOKSHELF,minecraft_chiseled_bookshelf,Chiseled Bookshelf,true,true
DECORATED_POT,minecraft_decorated_pot,Decorated Pot,true,true
MOSSY_COBBLESTONE,minecraft_mossy_cobblestone,Mossy Cobblestone,true,true
OBSIDIAN,minecraft_obsidian,Obsidian,true,true
TORCH,minecraft_torch,Torch,true,true
END_ROD,minecraft_end_rod,End Rod,true,true
CHORUS_PLANT,minecraft_chorus_plant,Chorus Plant,true,true
CHORUS_FLOWER,minecraft_chorus_flower,Chorus Flower,true,true
PURPUR_BLOCK,minecraft_purpur_block,Purpur Block,true,true
PURPUR_PILLAR,minecraft_purpur_pillar,Purpur Pillar,true,true
PURPUR_STAIRS,minecraft_purpur_stairs,Purpur Stairs,true,true
SPAWNER,minecraft_spawner,Spawner,true,true
CHEST,minecraft_chest,Chest,true,true
CRAFTING_TABLE,minecraft_crafting_table,Crafting Table,true,true
FARMLAND,minecraft_farmland,Farmland,true,true
FURNACE,minecraft_furnace,Furnace,true,true
LADDER,minecraft_ladder,Ladder,true,true
COBBLESTONE_STAIRS,minecraft_cobblestone_stairs,Cobblestone Stairs,true,true
SNOW,minecraft_snow,Snow,true,true
ICE,minecraft_ice,Ice,true,true
SNOW_BLOCK,minecraft_snow_block,Snow Block,true,true
CACTUS,minecraft_cactus,Cactus,true,true
CLAY,minecraft_clay,Clay,true,true
JUKEBOX,minecraft_jukebox,Jukebox,true,true
OAK_FENCE,minecraft_oak_fence,Oak Fence,true,true
SPRUCE_FENCE,minecraft_spruce_fence,Spruce Fence,true,true
BIRCH_FENCE,minecraft_birch_fence,Birch Fence,true,true
JUNGLE_FENCE,minecraft_jungle_fence,Jungle Fence,true,true
ACACIA_FENCE,minecraft_acacia_fence,Acacia Fence,true,true
CHERRY_FENCE,minecraft_cherry_fence,Cherry Fence,true,true
DARK_OAK_FENCE,minecraft_dark_oak_fence,Dark Oak Fence,true,true
MANGROVE_FENCE,minecraft_mangrove_fence,Mangrove Fence,true,true
BAMBOO_FENCE,minecraft_bamboo_fence,Bamboo Fence,true,true
CRIMSON_FENCE,minecraft_crimson_fence,Crimson Fence,true,true
WARPED_FENCE,minecraft_warped_fence,Warped Fence,true,true
PUMPKIN,minecraft_pumpkin,Pumpkin,true,true
CARVED_PUMPKIN,minecraft_carved_pumpkin,Carved Pumpkin,true,true
JACK_O_LANTERN,minecraft_jack_o_lantern,Jack O Lantern,true,true
NETHERRACK,minecraft_netherrack,Netherrack,true,true
SOUL_SAND,minecraft_soul_sand,Soul Sand,true,true
SOUL_SOIL,minecraft_soul_soil,Soul Soil,true,true
BASALT,minecraft_basalt,Basalt,true,true
POLISHED_BASALT,minecraft_polished_basalt,Polished Basalt,true,true
SMOOTH_BASALT,minecraft_smooth_basalt,Smooth Basalt,true,true
SOUL_TORCH,minecraft_soul_torch,Soul Torch,true,true
GLOWSTONE,minecraft_glowstone,Glowstone,true,true
INFESTED_STONE,minecraft_infested_stone,Infested Stone,true,true
INFESTED_COBBLESTONE,minecraft_infested_cobblestone,Infested Cobblestone,true,true
INFESTED_STONE_BRICKS,minecraft_infested_stone_bricks,Infested Stone Bricks,true,true
INFESTED_MOSSY_STONE_BRICKS,minecraft_infested_mossy_stone_bricks,Infested Mossy Stone Bricks,true,true
INFESTED_CRACKED_STONE_BRICKS,minecraft_infested_cracked_stone_bricks,Infested Cracked Stone Bricks,true,true
INFESTED_CHISELED_STONE_BRICKS,minecraft_infested_chiseled_stone_bricks,Infested Chiseled Stone Bricks,true,true
INFESTED_DEEPSLATE,minecraft_infested_deepslate,Infested Deepslate,true,true
STONE_BRICKS,minecraft_stone_bricks,Stone Bricks,true,true
MOSSY_STONE_BRICKS,minecraft_mossy_stone_bricks,Mossy Stone Bricks,true,true
CRACKED_STONE_BRICKS,minecraft_cracked_stone_bricks,Cracked Stone Bricks,true,true
CHISELED_STONE_BRICKS,minecraft_chiseled_stone_bricks,Chiseled Stone Bricks,true,true
PACKED_MUD,minecraft_packed_mud,Packed Mud,true,true
MUD_BRICKS,minecraft_mud_bricks,Mud Bricks,true,true
DEEPSLATE_BRICKS,minecraft_deepslate_bricks,Deepslate Bricks,true,true
CRACKED_DEEPSLATE_BRICKS,minecraft_cracked_deepslate_bricks,Cracked Deepslate Bricks,true,true
DEEPSLATE_TILES,minecraft_deepslate_tiles,Deepslate Tiles,true,true
CRACKED_DEEPSLATE_TILES,minecraft_cracked_deepslate_tiles,Cracked Deepslate Tiles,true,true
CHISELED_DEEPSLATE,minecraft_chiseled_deepslate,Chiseled Deepslate,true,true
REINFORCED_DEEPSLATE,minecraft_reinforced_deepslate,Reinforced Deepslate,true,true
BROWN_MUSHROOM_BLOCK,minecraft_brown_mushroom_block,Brown Mushroom Block,true,true
RED_MUSHROOM_BLOCK,minecraft_red_mushroom_block,Red Mushroom Block,true,true
MUSHROOM_STEM,minecraft_mushroom_stem,Mushroom Stem,true,true
IRON_BARS,minecraft_iron_bars,Iron Bars,true,true
CHAIN,minecraft_chain,Chain,true,true
GLASS_PANE,minecraft_glass_pane,Glass Pane,true,true
MELON,minecraft_melon,Melon,true,true
VINE,minecraft_vine,Vine,true,true
GLOW_LICHEN,minecraft_glow_lichen,Glow Lichen,true,true
BRICK_STAIRS,minecraft_brick_stairs,Brick Stairs,true,true
STONE_BRICK_STAIRS,minecraft_stone_brick_stairs,Stone Brick Stairs,true,true
MUD_BRICK_STAIRS,minecraft_mud_brick_stairs,Mud Brick Stairs,true,true
MYCELIUM,minecraft_mycelium,Mycelium,true,true
LILY_PAD,minecraft_lily_pad,Lily Pad,true,true
NETHER_BRICKS,minecraft_nether_bricks,Nether Bricks,true,true
CRACKED_NETHER_BRICKS,minecraft_cracked_nether_bricks,Cracked Nether Bricks,true,true
CHISELED_NETHER_BRICKS,minecraft_chiseled_nether_bricks,Chiseled Nether Bricks,true,true
NETHER_BRICK_FENCE,minecraft_nether_brick_fence,Nether Brick Fence,true,true
NETHER_BRICK_STAIRS,minecraft_nether_brick_stairs,Nether Brick Stairs,true,true
SCULK,minecraft_sculk,Sculk,true,true
SCULK_VEIN,minecraft_sculk_vein,Sculk Vein,true,true
SCULK_CATALYST,minecraft_sculk_catalyst,Sculk Catalyst,true,true
SCULK_SHRIEKER,minecraft_sculk_shrieker,Sculk Shrieker,true,true
ENCHANTING_TABLE,minecraft_enchanting_table,Enchanting Table,true,true
END_PORTAL_FRAME,minecraft_end_portal_frame,End Portal Frame,true,true
END_STONE,minecraft_end_stone,End Stone,true,true
END_STONE_BRICKS,minecraft_end_stone_bricks,End Stone Bricks,true,true
DRAGON_EGG,minecraft_dragon_egg,Dragon Egg,true,true
SANDSTONE_STAIRS,minecraft_sandstone_stairs,Sandstone Stairs,true,true
ENDER_CHEST,minecraft_ender_chest,Ender Chest,true,true
EMERALD_BLOCK,minecraft_emerald_block,Emerald Block,true,true
OAK_STAIRS,minecraft_oak_stairs,Oak Stairs,true,true
SPRUCE_STAIRS,minecraft_spruce_stairs,Spruce Stairs,true,true
BIRCH_STAIRS,minecraft_birch_stairs,Birch Stairs,true,true
JUNGLE_STAIRS,minecraft_jungle_stairs,Jungle Stairs,true,true
ACACIA_STAIRS,minecraft_acacia_stairs,Acacia Stairs,true,true
CHERRY_STAIRS,minecraft_cherry_stairs,Cherry Stairs,true,true
DARK_OAK_STAIRS,minecraft_dark_oak_stairs,Dark Oak Stairs,true,true
MANGROVE_STAIRS,minecraft_mangrove_stairs,Mangrove Stairs,true,true
BAMBOO_STAIRS,minecraft_bamboo_stairs,Bamboo Stairs,true,true
BAMBOO_MOSAIC_STAIRS,minecraft_bamboo_mosaic_stairs,Bamboo Mosaic Stairs,true,true
CRIMSON_STAIRS,minecraft_crimson_stairs,Crimson Stairs,true,true
WARPED_STAIRS,minecraft_warped_stairs,Warped Stairs,true,true
COMMAND_BLOCK,minecraft_command_block,Command Block,true,true
BEACON,minecraft_beacon,Beacon,true,true
COBBLESTONE_WALL,minecraft_cobblestone_wall,Cobblestone Wall,true,true
MOSSY_COBBLESTONE_WALL,minecraft_mossy_cobblestone_wall,Mossy Cobblestone Wall,true,true
BRICK_WALL,minecraft_brick_wall,Brick Wall,true,true
PRISMARINE_WALL,minecraft_prismarine_wall,Prismarine Wall,true,true
RED_SANDSTONE_WALL,minecraft_red_sandstone_wall,Red Sandstone Wall,true,true
MOSSY_STONE_BRICK_WALL,minecraft_mossy_stone_brick_wall,Mossy Stone Brick Wall,true,true
GRANITE_WALL,minecraft_granite_wall,Granite Wall,true,true
STONE_BRICK_WALL,minecraft_stone_brick_wall,Stone Brick Wall,true,true
MUD_BRICK_WALL,minecraft_mud_brick_wall,Mud Brick Wall,true,true
NETHER_BRICK_WALL,minecraft_nether_brick_wall,Nether Brick Wall,true,true
ANDESITE_WALL,minecraft_andesite_wall,Andesite Wall,true,true
RED_NETHER_BRICK_WALL,minecraft_red_nether_brick_wall,Red Nether Brick Wall,true,true
SANDSTONE_WALL,minecraft_sandstone_wall,Sandstone Wall,true,true
END_STONE_BRICK_WALL,minecraft_end_stone_brick_wall,End Stone Brick Wall,true,true
DIORITE_WALL,minecraft_diorite_wall,Diorite Wall,true,true
BLACKSTONE_WALL,minecraft_blackstone_wall,Blackstone Wall,true,true
POLISHED_BLACKSTONE_WALL,minecraft_polished_blackstone_wall,Polished Blackstone Wall,true,true
POLISHED_BLACKSTONE_BRICK_WALL,minecraft_polished_blackstone_brick_wall,Polished Blackstone Brick Wall,true,true
COBBLED_DEEPSLATE_WALL,minecraft_cobbled_deepslate_wall,Cobbled Deepslate Wall,true,true
POLISHED_DEEPSLATE_WALL,minecraft_polished_deepslate_wall,Polished Deepslate Wall,true,true
DEEPSLATE_BRICK_WALL,minecraft_deepslate_brick_wall,Deepslate Brick Wall,true,true
DEEPSLATE_TILE_WALL,minecraft_deepslate_tile_wall,Deepslate Tile Wall,true,true
ANVIL,minecraft_anvil,Anvil,true,true
CHIPPED_ANVIL,minecraft_chipped_anvil,Chipped Anvil,true,true
DAMAGED_ANVIL,minecraft_damaged_anvil,Damaged Anvil,true,true
CHISELED_QUARTZ_BLOCK,minecraft_chiseled_quartz_block,Chiseled Quartz Block,true,true
QUARTZ_BLOCK,minecraft_quartz_block,Quartz Block,true,true
QUARTZ_BRICKS,minecraft_quartz_bricks,Quartz Bricks,true,true
QUARTZ_PILLAR,minecraft_quartz_pillar,Quartz Pillar,true,true
QUARTZ_STAIRS,minecraft_quartz_stairs,Quartz Stairs,true,true
WHITE_TERRACOTTA,minecraft_white_terracotta,White Terracotta,true,true
ORANGE_TERRACOTTA,minecraft_orange_terracotta,Orange Terracotta,true,true
MAGENTA_TERRACOTTA,minecraft_magenta_terracotta,Magenta Terracotta,true,true
LIGHT_BLUE_TERRACOTTA,minecraft_light_blue_terracotta,Light Blue Terracotta,true,true
YELLOW_TERRACOTTA,minecraft_yellow_terracotta,Yellow Terracotta,true,true
LIME_TERRACOTTA,minecraft_lime_terracotta,Lime Terracotta,true,true
PINK_TERRACOTTA,minecraft_pink_terracotta,Pink Terracotta,true,true
GRAY_TERRACOTTA,minecraft_gray_terracotta,Gray Terracotta,true,true
LIGHT_GRAY_TERRACOTTA,minecraft_light_gray_terracotta,Light Gray Terracotta,true,true
CYAN_TERRACOTTA,minecraft_cyan_terracotta,Cyan Terracotta,true,true
PURPLE_TERRACOTTA,minecraft_purple_terracotta,Purple Terracotta,true,true
BLUE_TERRACOTTA,minecraft_blue_terracotta,Blue Terracotta,true,true
BROWN_TERRACOTTA,minecraft_brown_terracotta,Brown Terracotta,true,true
GREEN_TERRACOTTA,minecraft_green_terracotta,Green Terracotta,true,true
RED_TERRACOTTA,minecraft_red_terracotta,Red Terracotta,true,true
BLACK_TERRACOTTA,minecraft_black_terracotta,Black Terracotta,true,true
BARRIER,minecraft_barrier,Barrier,true,true
LIGHT,minecraft_light,Light,true,true
HAY_BLOCK,minecraft_hay_block,Hay Block,true,true
WHITE_CARPET,minecraft_white_carpet,White Carpet,true,true
ORANGE_CARPET,minecraft_orange_carpet,Orange Carpet,true,true
MAGENTA_CARPET,minecraft_magenta_carpet,Magenta Carpet,true,true
LIGHT_BLUE_CARPET,minecraft_light_blue_carpet,Light Blue Carpet,true,true
YELLOW_CARPET,minecraft_yellow_carpet,Yellow Carpet,true,true
LIME_CARPET,minecraft_lime_carpet,Lime Carpet,true,true
PINK_CARPET,minecraft_pink_carpet,Pink Carpet,true,true
GRAY_CARPET,minecraft_gray_carpet,Gray Carpet,true,true
LIGHT_GRAY_CARPET,minecraft_light_gray_carpet,Light Gray Carpet,true,true
CYAN_CARPET,minecraft_cyan_carpet,Cyan Carpet,true,true
PURPLE_CARPET,minecraft_purple_carpet,Purple Carpet,true,true
BLUE_CARPET,minecraft_blue_carpet,Blue Carpet,true,true
BROWN_CARPET,minecraft_brown_carpet,Brown Carpet,true,true
GREEN_CARPET,minecraft_green_carpet,Green Carpet,true,true
RED_CARPET,minecraft_red_carpet,Red Carpet,true,true
BLACK_CARPET,minecraft_black_carpet,Black Carpet,true,true
TERRACOTTA,minecraft_terracotta,Terracotta,true,true
PACKED_ICE,minecraft_packed_ice,Packed Ice,true,true
DIRT_PATH,minecraft_dirt_path,Dirt Path,true,true
SUNFLOWER,minecraft_sunflower,Sunflower,true,true
LILAC,minecraft_lilac,Lilac,true,true
ROSE_BUSH,minecraft_rose_bush,Rose Bush,true,true
PEONY,minecraft_peony,Peony,true,true
TALL_GRASS,minecraft_tall_grass,Tall Grass,true,true
LARGE_FERN,minecraft_large_fern,Large Fern,true,true
WHITE_STAINED_GLASS,minecraft_white_stained_glass,White Stained Glass,true,true
ORANGE_STAINED_GLASS,minecraft_orange_stained_glass,Orange Stained Glass,true,true
MAGENTA_STAINED_GLASS,minecraft_magenta_stained_glass,Magenta Stained Glass,true,true
LIGHT_BLUE_STAINED_GLASS,minecraft_light_blue_stained_glass,Light Blue Stained Glass,true,true
YELLOW_STAINED_GLASS,minecraft_yellow_stained_glass,Yellow Stained Glass,true,true
LIME_STAINED_GLASS,minecraft_lime_stained_glass,Lime Stained Glass,true,true
PINK_STAINED_GLASS,minecraft_pink_stained_glass,Pink Stained Glass,true,true
GRAY_STAINED_GLASS,minecraft_gray_stained_glass,Gray Stained Glass,true,true
LIGHT_GRAY_STAINED_GLASS,minecraft_light_gray_stained_glass,Light Gray Stained Glass,true,true
CYAN_STAINED_GLASS,minecraft_cyan_stained_glass,Cyan Stained Glass,true,true
PURPLE_STAINED_GLASS,minecraft_purple_stained_glass,Purple Stained Glass,true,true
BLUE_STAINED_GLASS,minecraft_blue_stained_glass,Blue Stained Glass,true,true
BROWN_STAINED_GLASS,minecraft_brown_stained_glass,Brown Stained Glass,true,true
GREEN_STAINED_GLASS,minecraft_green_stained_glass,Green Stained Glass,true,true
RED_STAINED_GLASS,minecraft_red_stained_glass,Red Stained Glass,true,true
BLACK_STAINED_GLASS,minecraft_black_stained_glass,Black Stained Glass,true,true
WHITE_STAINED_GLASS_PANE,minecraft_white_stained_glass_pane,White Stained Glass Pane,true,true
ORANGE_STAINED_GLASS_PANE,minecraft_orange_stained_glass_pane,Orange Stained Glass Pane,true,true
MAGENTA_STAINED_GLASS_PANE,minecraft_magenta_stained_glass_pane,Magenta Stained Glass Pane,true,true
LIGHT_BLUE_STAINED_GLASS_PANE,minecraft_light_blue_stained_glass_pane,Light Blue Stained Glass Pane,true,true
YELLOW_STAINED_GLASS_PANE,minecraft_yellow_stained_glass_pane,Yellow Stained Glass Pane,true,true
LIME_STAINED_GLASS_PANE,minecraft_lime_stained_glass_pane,Lime Stained Glass Pane,true,true
PINK_STAINED_GLASS_PANE,minecraft_pink_stained_glass_pane,Pink Stained Glass Pane,true,true
GRAY_STAINED_GLASS_PANE,minecraft_gray_stained_glass_pane,Gray Stained Glass Pane,true,true
LIGHT_GRAY_STAINED_GLASS_PANE,minecraft_light_gray_stained_glass_pane,Light Gray Stained Glass Pane,true,true
CYAN_STAINED_GLASS_PANE,minecraft_cyan_stained_glass_pane,Cyan Stained Glass Pane,true,true
PURPLE_STAINED_GLASS_PANE,minecraft_purple_stained_glass_pane,Purple Stained Glass Pane,true,true
BLUE_STAINED_GLASS_PANE,minecraft_blue_stained_glass_pane,Blue Stained Glass Pane,true,true
BROWN_STAINED_GLASS_PANE,minecraft_brown_stained_glass_pane,Brown Stained Glass Pane,true,true
GREEN_STAINED_GLASS_PANE,minecraft_green_stained_glass_pane,Green Stained Glass Pane,true,true
RED_STAINED_GLASS_PANE,minecraft_red_stained_glass_pane,Red Stained Glass Pane,true,true
BLACK_STAINED_GLASS_PANE,minecraft_black_stained_glass_pane,Black Stained Glass Pane,true,true
PRISMARINE,minecraft_prismarine,Prismarine,true,true
PRISMARINE_BRICKS,minecraft_prismarine_bricks,Prismarine Bricks,true,true
DARK_PRISMARINE,minecraft_dark_prismarine,Dark Prismarine,true,true
PRISMARINE_STAIRS,minecraft_prismarine_stairs,Prismarine Stairs,true,true
PRISMARINE_BRICK_STAIRS,minecraft_prismarine_brick_stairs,Prismarine Brick Stairs,true,true
DARK_PRISMARINE_STAIRS,minecraft_dark_prismarine_stairs,Dark Prismarine Stairs,true,true
SEA_LANTERN,minecraft_sea_lantern,Sea Lantern,true,true
RED_SANDSTONE,minecraft_red_sandstone,Red Sandstone,true,true
CHISELED_RED_SANDSTONE,minecraft_chiseled_red_sandstone,Chiseled Red Sandstone,true,true
CUT_RED_SANDSTONE,minecraft_cut_red_sandstone,Cut Red Sandstone,true,true
RED_SANDSTONE_STAIRS,minecraft_red_sandstone_stairs,Red Sandstone Stairs,true,true
REPEATING_COMMAND_BLOCK,minecraft_repeating_command_block,Repeating Command Block,true,true
CHAIN_COMMAND_BLOCK,minecraft_chain_command_block,Chain Command Block,true,true
MAGMA_BLOCK,minecraft_magma_block,Magma Block,true,true
NETHER_WART_BLOCK,minecraft_nether_wart_block,Nether Wart Block,true,true
WARPED_WART_BLOCK,minecraft_warped_wart_block,Warped Wart Block,true,true
RED_NETHER_BRICKS,minecraft_red_nether_bricks,Red Nether Bricks,true,true
BONE_BLOCK,minecraft_bone_block,Bone Block,true,true
STRUCTURE_VOID,minecraft_structure_void,Structure Void,true,true
SHULKER_BOX,minecraft_shulker_box,Shulker Box,true,true
WHITE_SHULKER_BOX,minecraft_white_shulker_box,White Shulker Box,true,true
ORANGE_SHULKER_BOX,minecraft_orange_shulker_box,Orange Shulker Box,true,true
MAGENTA_SHULKER_BOX,minecraft_magenta_shulker_box,Magenta Shulker Box,true,true
LIGHT_BLUE_SHULKER_BOX,minecraft_light_blue_shulker_box,Light Blue Shulker Box,true,true
YELLOW_SHULKER_BOX,minecraft_yellow_shulker_box,Yellow Shulker Box,true,true
LIME_SHULKER_BOX,minecraft_lime_shulker_box,Lime Shulker Box,true,true
PINK_SHULKER_BOX,minecraft_pink_shulker_box,Pink Shulker Box,true,true
GRAY_SHULKER_BOX,minecraft_gray_shulker_box,Gray Shulker Box,true,true
LIGHT_GRAY_SHULKER_BOX,minecraft_light_gray_shulker_box,Light Gray Shulker Box,true,true
CYAN_SHULKER_BOX,minecraft_cyan_shulker_box,Cyan Shulker Box,true,true
PURPLE_SHULKER_BOX,minecraft_purple_shulker_box,Purple Shulker Box,true,true
BLUE_SHULKER_BOX,minecraft_blue_shulker_box,Blue Shulker Box,true,true
BROWN_SHULKER_BOX,minecraft_brown_shulker_box,Brown Shulker Box,true,true
GREEN_SHULKER_BOX,minecraft_green_shulker_box,Green Shulker Box,true,true
RED_SHULKER_BOX,minecraft_red_shulker_box,Red Shulker Box,true,true
BLACK_SHULKER_BOX,minecraft_black_shulker_box,Black Shulker Box,true,true
WHITE_GLAZED_TERRACOTTA,minecraft_white_glazed_terracotta,White Glazed Terracotta,true,true
ORANGE_GLAZED_TERRACOTTA,minecraft_orange_glazed_terracotta,Orange Glazed Terracotta,true,true
MAGENTA_GLAZED_TERRACOTTA,minecraft_magenta_glazed_terracotta,Magenta Glazed Terracotta,true,true
LIGHT_BLUE_GLAZED_TERRACOTTA,minecraft_light_blue_glazed_terracotta,Light Blue Glazed Terracotta,true,true
YELLOW_GLAZED_TERRACOTTA,minecraft_yellow_glazed_terracotta,Yellow Glazed Terracotta,true,true
LIME_GLAZED_TERRACOTTA,minecraft_lime_glazed_terracotta,Lime Glazed Terracotta,true,true
PINK_GLAZED_TERRACOTTA,minecraft_pink_glazed_terracotta,Pink Glazed Terracotta,true,true
GRAY_GLAZED_TERRACOTTA,minecraft_gray_glazed_terracotta,Gray Glazed Terracotta,true,true
LIGHT_GRAY_GLAZED_TERRACOTTA,minecraft_light_gray_glazed_terracotta,Light Gray Glazed Terracotta,true,true
CYAN_GLAZED_TERRACOTTA,minecraft_cyan_glazed_terracotta,Cyan Glazed Terracotta,true,true
PURPLE_GLAZED_TERRACOTTA,minecraft_purple_glazed_terracotta,Purple Glazed Terracotta,true,true
BLUE_GLAZED_TERRACOTTA,minecraft_blue_glazed_terracotta,Blue Glazed Terracotta,true,true
BROWN_GLAZED_TERRACOTTA,minecraft_brown_glazed_terracotta,Brown Glazed Terracotta,true,true
GREEN_GLAZED_TERRACOTTA,minecraft_green_glazed_terracotta,Green Glazed Terracotta,true,true
RED_GLAZED_TERRACOTTA,minecraft_red_glazed_terracotta,Red Glazed Terracotta,true,true
BLACK_GLAZED_TERRACOTTA,minecraft_black_glazed_terracotta,Black Glazed Terracotta,true,true
WHITE_CONCRETE,minecraft_white_concrete,White Concrete,true,true
ORANGE_CONCRETE,minecraft_orange_concrete,Orange Concrete,true,true
MAGENTA_CONCRETE,minecraft_magenta_concrete,Magenta Concrete,true,true
LIGHT_BLUE_CONCRETE,minecraft_light_blue_concrete,Light Blue Concrete,true,true
YELLOW_CONCRETE,minecraft_yellow_concrete,Yellow Concrete,true,true
LIME_CONCRETE,minecraft_lime_concrete,Lime Concrete,true,true
PINK_CONCRETE,minecraft_pink_concrete,Pink Concrete,true,true
GRAY_CONCRETE,minecraft_gray_concrete,Gray Concrete,true,true
LIGHT_GRAY_CONCRETE,minecraft_light_gray_concrete,Light Gray Concrete,true,true
CYAN_CONCRETE,minecraft_cyan_concrete,Cyan Concrete,true,true
PURPLE_CONCRETE,minecraft_purple_concrete,Purple Concrete,true,true
BLUE_CONCRETE,minecraft_blue_concrete,Blue Concrete,true,true
BROWN_CONCRETE,minecraft_brown_concrete,Brown Concrete,true,true
GREEN_CONCRETE,minecraft_green_concrete,Green Concrete,true,true
RED_CONCRETE,minecraft_red_concrete,Red Concrete,true,true
BLACK_CONCRETE,minecraft_black_concrete,Black Concrete,true,true
WHITE_CONCRETE_POWDER,minecraft_white_concrete_powder,White Concrete Powder,true,true
ORANGE_CONCRETE_POWDER,minecraft_orange_concrete_powder,Orange Concrete Powder,true,true
MAGENTA_CONCRETE_POWDER,minecraft_magenta_concrete_powder,Magenta Concrete Powder,true,true
LIGHT_BLUE_CONCRETE_POWDER,minecraft_light_blue_concrete_powder,Light Blue Concrete Powder,true,true
YELLOW_CONCRETE_POWDER,minecraft_yellow_concrete_powder,Yellow Concrete Powder,true,true
LIME_CONCRETE_POWDER,minecraft_lime_concrete_powder,Lime Concrete Powder,true,true
PINK_CONCRETE_POWDER,minecraft_pink_concrete_powder,Pink Concrete Powder,true,true
GRAY_CONCRETE_POWDER,minecraft_gray_concrete_powder,Gray Concrete Powder,true,true
LIGHT_GRAY_CONCRETE_POWDER,minecraft_light_gray_concrete_powder,Light Gray Concrete Powder,true,true
CYAN_CONCRETE_POWDER,minecraft_cyan_concrete_powder,Cyan Concrete Powder,true,true
PURPLE_CONCRETE_POWDER,minecraft_purple_concrete_powder,Purple Concrete Powder,true,true
BLUE_CONCRETE_POWDER,minecraft_blue_concrete_powder,Blue Concrete Powder,true,true
BROWN_CONCRETE_POWDER,minecraft_brown_concrete_powder,Brown Concrete Powder,true,true
GREEN_CONCRETE_POWDER,minecraft_green_concrete_powder,Green Concrete Powder,true,true
RED_CONCRETE_POWDER,minecraft_red_concrete_powder,Red Concrete Powder,true,true
BLACK_CONCRETE_POWDER,minecraft_black_concrete_powder,Black Concrete Powder,true,true
TURTLE_EGG,minecraft_turtle_egg,Turtle Egg,true,true
SNIFFER_EGG,minecraft_sniffer_egg,Sniffer Egg,true,true
DEAD_TUBE_CORAL_BLOCK,minecraft_dead_tube_coral_block,Dead Tube Coral Block,true,true
DEAD_BRAIN_CORAL_BLOCK,minecraft_dead_brain_coral_block,Dead Brain Coral Block,true,true
DEAD_BUBBLE_CORAL_BLOCK,minecraft_dead_bubble_coral_block,Dead Bubble Coral Block,true,true
DEAD_FIRE_CORAL_BLOCK,minecraft_dead_fire_coral_block,Dead Fire Coral Block,true,true
DEAD_HORN_CORAL_BLOCK,minecraft_dead_horn_coral_block,Dead Horn Coral Block,true,true
TUBE_CORAL_BLOCK,minecraft_tube_coral_block,Tube Coral Block,true,true
BRAIN_CORAL_BLOCK,minecraft_brain_coral_block,Brain Coral Block,true,true
BUBBLE_CORAL_BLOCK,minecraft_bubble_coral_block,Bubble Coral Block,true,true
FIRE_CORAL_BLOCK,minecraft_fire_coral_block,Fire Coral Block,true,true
HORN_CORAL_BLOCK,minecraft_horn_coral_block,Horn Coral Block,true,true
TUBE_CORAL,minecraft_tube_coral,Tube Coral,true,true
BRAIN_CORAL,minecraft_brain_coral,Brain Coral,true,true
BUBBLE_CORAL,minecraft_bubble_coral,Bubble Coral,true,true
FIRE_CORAL,minecraft_fire_coral,Fire Coral,true,true
HORN_CORAL,minecraft_horn_coral,Horn Coral,true,true
DEAD_BRAIN_CORAL,minecraft_dead_brain_coral,Dead Brain Coral,true,true
DEAD_BUBBLE_CORAL,minecraft_dead_bubble_coral,Dead Bubble Coral,true,true
DEAD_FIRE_CORAL,minecraft_dead_fire_coral,Dead Fire Coral,true,true
DEAD_HORN_CORAL,minecraft_dead_horn_coral,Dead Horn Coral,true,true
DEAD_TUBE_CORAL,minecraft_dead_tube_coral,Dead Tube Coral,true,true
TUBE_CORAL_FAN,minecraft_tube_coral_fan,Tube Coral Fan,true,true
BRAIN_CORAL_FAN,minecraft_brain_coral_fan,Brain Coral Fan,true,true
BUBBLE_CORAL_FAN,minecraft_bubble_coral_fan,Bubble Coral Fan,true,true
FIRE_CORAL_FAN,minecraft_fire_coral_fan,Fire Coral Fan,true,true
HORN_CORAL_FAN,minecraft_horn_coral_fan,Horn Coral Fan,true,true
DEAD_TUBE_CORAL_FAN,minecraft_dead_tube_coral_fan,Dead Tube Coral Fan,true,true
DEAD_BRAIN_CORAL_FAN,minecraft_dead_brain_coral_fan,Dead Brain Coral Fan,true,true
DEAD_BUBBLE_CORAL_FAN,minecraft_dead_bubble_coral_fan,Dead Bubble Coral Fan,true,true
DEAD_FIRE_CORAL_FAN,minecraft_dead_fire_coral_fan,Dead Fire Coral Fan,true,true
DEAD_HORN_CORAL_FAN,minecraft_dead_horn_coral_fan,Dead Horn Coral Fan,true,true
BLUE_ICE,minecraft_blue_ice,Blue Ice,true,true
CONDUIT,minecraft_conduit,Conduit,true,true
POLISHED_GRANITE_STAIRS,minecraft_polished_granite_stairs,Polished Granite Stairs,true,true
SMOOTH_RED_SANDSTONE_STAIRS,minecraft_smooth_red_sandstone_stairs,Smooth Red Sandstone Stairs,true,true
MOSSY_STONE_BRICK_STAIRS,minecraft_mossy_stone_brick_stairs,Mossy Stone Brick Stairs,true,true
POLISHED_DIORITE_STAIRS,minecraft_polished_diorite_stairs,Polished Diorite Stairs,true,true
MOSSY_COBBLESTONE_STAIRS,minecraft_mossy_cobblestone_stairs,Mossy Cobblestone Stairs,true,true
END_STONE_BRICK_STAIRS,minecraft_end_stone_brick_stairs,End Stone Brick Stairs,true,true
STONE_STAIRS,minecraft_stone_stairs,Stone Stairs,true,true
SMOOTH_SANDSTONE_STAIRS,minecraft_smooth_sandstone_stairs,Smooth Sandstone Stairs,true,true
SMOOTH_QUARTZ_STAIRS,minecraft_smooth_quartz_stairs,Smooth Quartz Stairs,true,true
GRANITE_STAIRS,minecraft_granite_stairs,Granite Stairs,true,true
ANDESITE_STAIRS,minecraft_andesite_stairs,Andesite Stairs,true,true
RED_NETHER_BRICK_STAIRS,minecraft_red_nether_brick_stairs,Red Nether Brick Stairs,true,true
POLISHED_ANDESITE_STAIRS,minecraft_polished_andesite_stairs,Polished Andesite Stairs,true,true
DIORITE_STAIRS,minecraft_diorite_stairs,Diorite Stairs,true,true
COBBLED_DEEPSLATE_STAIRS,minecraft_cobbled_deepslate_stairs,Cobbled Deepslate Stairs,true,true
POLISHED_DEEPSLATE_STAIRS,minecraft_polished_deepslate_stairs,Polished Deepslate Stairs,true,true
DEEPSLATE_BRICK_STAIRS,minecraft_deepslate_brick_stairs,Deepslate Brick Stairs,true,true
DEEPSLATE_TILE_STAIRS,minecraft_deepslate_tile_stairs,Deepslate Tile Stairs,true,true
POLISHED_GRANITE_SLAB,minecraft_polished_granite_slab,Polished Granite Slab,true,true
SMOOTH_RED_SANDSTONE_SLAB,minecraft_smooth_red_sandstone_slab,Smooth Red Sandstone Slab,true,true
MOSSY_STONE_BRICK_SLAB,minecraft_mossy_stone_brick_slab,Mossy Stone Brick Slab,true,true
POLISHED_DIORITE_SLAB,minecraft_polished_diorite_slab,Polished Diorite Slab,true,true
MOSSY_COBBLESTONE_SLAB,minecraft_mossy_cobblestone_slab,Mossy Cobblestone Slab,true,true
END_STONE_BRICK_SLAB,minecraft_end_stone_brick_slab,End Stone Brick Slab,true,true
SMOOTH_SANDSTONE_SLAB,minecraft_smooth_sandstone_slab,Smooth Sandstone Slab,true,true
SMOOTH_QUARTZ_SLAB,minecraft_smooth_quartz_slab,Smooth Quartz Slab,true,true
GRANITE_SLAB,minecraft_granite_slab,Granite Slab,true,true
ANDESITE_SLAB,minecraft_andesite_slab,Andesite Slab,true,true
RED_NETHER_BRICK_SLAB,minecraft_red_nether_brick_slab,Red Nether Brick Slab,true,true
POLISHED_ANDESITE_SLAB,minecraft_polished_andesite_slab,Polished Andesite Slab,true,true
DIORITE_SLAB,minecraft_diorite_slab,Diorite Slab,true,true
COBBLED_DEEPSLATE_SLAB,minecraft_cobbled_deepslate_slab,Cobbled Deepslate Slab,true,true
POLISHED_DEEPSLATE_SLAB,minecraft_polished_deepslate_slab,Polished Deepslate Slab,true,true
DEEPSLATE_BRICK_SLAB,minecraft_deepslate_brick_slab,Deepslate Brick Slab,true,true
DEEPSLATE_TILE_SLAB,minecraft_deepslate_tile_slab,Deepslate Tile Slab,true,true
SCAFFOLDING,minecraft_scaffolding,Scaffolding,true,true
REDSTONE,minecraft_redstone,Redstone,true,false
REDSTONE_TORCH,minecraft_redstone_torch,Redstone Torch,true,true
REDSTONE_BLOCK,minecraft_redstone_block,Redstone Block,true,true
REPEATER,minecraft_repeater,Repeater,true,true
COMPARATOR,minecraft_comparator,Comparator,true,true
PISTON,minecraft_piston,Piston,true,true
STICKY_PISTON,minecraft_sticky_piston,Sticky Piston,true,true
SLIME_BLOCK,minecraft_slime_block,Slime Block,true,true
HONEY_BLOCK,minecraft_honey_block,Honey Block,true,true
OBSERVER,minecraft_observer,Observer,true,true
HOPPER,minecraft_hopper,Hopper,true,true
DISPENSER,minecraft_dispenser,Dispenser,true,true
DROPPER,minecraft_dropper,Dropper,true,true
LECTERN,minecraft_lectern,Lectern,true,true
TARGET,minecraft_target,Target,true,true
LEVER,minecraft_lever,Lever,true,true
LIGHTNING_ROD,minecraft_lightning_rod,Lightning Rod,true,true
DAYLIGHT_DETECTOR,minecraft_daylight_detector,Daylight Detector,true,true
SCULK_SENSOR,minecraft_sculk_sensor,Sculk Sensor,true,true
CALIBRATED_SCULK_SENSOR,minecraft_calibrated_sculk_sensor,Calibrated Sculk Sensor,true,true
TRIPWIRE_HOOK,minecraft_tripwire_hook,Tripwire Hook,true,true
TRAPPED_CHEST,minecraft_trapped_chest,Trapped Chest,true,true
TNT,minecraft_tnt,Tnt,true,true
REDSTONE_LAMP,minecraft_redstone_lamp,Redstone Lamp,true,true
NOTE_BLOCK,minecraft_note_block,Note Block,true,true
STONE_BUTTON,minecraft_stone_button,Stone Button,true,true
POLISHED_BLACKSTONE_BUTTON,minecraft_polished_blackstone_button,Polished Blackstone Button,true,true
OAK_BUTTON,minecraft_oak_button,Oak Button,true,true
SPRUCE_BUTTON,minecraft_spruce_button,Spruce Button,true,true
BIRCH_BUTTON,minecraft_birch_button,Birch Button,true,true
JUNGLE_BUTTON,minecraft_jungle_button,Jungle Button,true,true
ACACIA_BUTTON,minecraft_acacia_button,Acacia Button,true,true
CHERRY_BUTTON,minecraft_cherry_button,Cherry Button,true,true
DARK_OAK_BUTTON,minecraft_dark_oak_button,Dark Oak Button,true,true
MANGROVE_BUTTON,minecraft_mangrove_button,Mangrove Button,true,true
BAMBOO_BUTTON,minecraft_bamboo_button,Bamboo Button,true,true
CRIMSON_BUTTON,minecraft_crimson_button,Crimson Button,true,true
WARPED_BUTTON,minecraft_warped_button,Warped Button,true,true
STONE_PRESSURE_PLATE,minecraft_stone_pressure_plate,Stone Pressure Plate,true,true
POLISHED_BLACKSTONE_PRESSURE_PLATE,minecraft_polished_blackstone_pressure_plate,Polished Blackstone Pressure Plate,true,true
LIGHT_WEIGHTED_PRESSURE_PLATE,minecraft_light_weighted_pressure_plate,Light Weighted Pressure Plate,true,true
HEAVY_WEIGHTED_PRESSURE_PLATE,minecraft_heavy_weighted_pressure_plate,Heavy Weighted Pressure Plate,true,true
OAK_PRESSURE_PLATE,minecraft_oak_pressure_plate,Oak Pressure Plate,true,true
SPRUCE_PRESSURE_PLATE,minecraft_spruce_pressure_plate,Spruce Pressure Plate,true,true
BIRCH_PRESSURE_PLATE,minecraft_birch_pressure_plate,Birch Pressure Plate,true,true
JUNGLE_PRESSURE_PLATE,minecraft_jungle_pressure_plate,Jungle Pressure Plate,true,true
ACACIA_PRESSURE_PLATE,minecraft_acacia_pressure_plate,Acacia Pressure Plate,true,true
CHERRY_PRESSURE_PLATE,minecraft_cherry_pressure_plate,Cherry Pressure Plate,true,true
DARK_OAK_PRESSURE_PLATE,minecraft_dark_oak_pressure_plate,Dark Oak Pressure Plate,true,true
MANGROVE_PRESSURE_PLATE,minecraft_mangrove_pressure_plate,Mangrove Pressure Plate,true,true
BAMBOO_PRESSURE_PLATE,minecraft_bamboo_pressure_plate,Bamboo Pressure Plate,true,true
CRIMSON_PRESSURE_PLATE,minecraft_crimson_pressure_plate,Crimson Pressure Plate,true,true
WARPED_PRESSURE_PLATE,minecraft_warped_pressure_plate,Warped Pressure Plate,true,true
IRON_DOOR,minecraft_iron_door,Iron Door,true,true
OAK_DOOR,minecraft_oak_door,Oak Door,true,true
SPRUCE_DOOR,minecraft_spruce_door,Spruce Door,true,true
BIRCH_DOOR,minecraft_birch_door,Birch Door,true,true
JUNGLE_DOOR,minecraft_jungle_door,Jungle Door,true,true
ACACIA_DOOR,minecraft_acacia_door,Acacia Door,true,true
CHERRY_DOOR,minecraft_cherry_door,Cherry Door,true,true
DARK_OAK_DOOR,minecraft_dark_oak_door,Dark Oak Door,true,true
MANGROVE_DOOR,minecraft_mangrove_door,Mangrove Door,true,true
BAMBOO_DOOR,minecraft_bamboo_door,Bamboo Door,true,true
CRIMSON_DOOR,minecraft_crimson_door,Crimson Door,true,true
WARPED_DOOR,minecraft_warped_door,Warped Door,true,true
IRON_TRAPDOOR,minecraft_iron_trapdoor,Iron Trapdoor,true,true
OAK_TRAPDOOR,minecraft_oak_trapdoor,Oak Trapdoor,true,true
SPRUCE_TRAPDOOR,minecraft_spruce_trapdoor,Spruce Trapdoor,true,true
BIRCH_TRAPDOOR,minecraft_birch_trapdoor,Birch Trapdoor,true,true
JUNGLE_TRAPDOOR,minecraft_jungle_trapdoor,Jungle Trapdoor,true,true
ACACIA_TRAPDOOR,minecraft_acacia_trapdoor,Acacia Trapdoor,true,true
CHERRY_TRAPDOOR,minecraft_cherry_trapdoor,Cherry Trapdoor,true,true
DARK_OAK_TRAPDOOR,minecraft_dark_oak_trapdoor,Dark Oak Trapdoor,true,true
MANGROVE_TRAPDOOR,minecraft_mangrove_trapdoor,Mangrove Trapdoor,true,true
BAMBOO_TRAPDOOR,minecraft_bamboo_trapdoor,Bamboo Trapdoor,true,true
CRIMSON_TRAPDOOR,minecraft_crimson_trapdoor,Crimson Trapdoor,true,true
WARPED_TRAPDOOR,minecraft_warped_trapdoor,Warped Trapdoor,true,true
OAK_FENCE_GATE,minecraft_oak_fence_gate,Oak Fence Gate,true,true
SPRUCE_FENCE_GATE,minecraft_spruce_fence_gate,Spruce Fence Gate,true,true
BIRCH_FENCE_GATE,minecraft_birch_fence_gate,Birch Fence Gate,true,true
JUNGLE_FENCE_GATE,minecraft_jungle_fence_gate,Jungle Fence Gate,true,true
ACACIA_FENCE_GATE,minecraft_acacia_fence_gate,Acacia Fence Gate,true,true
CHERRY_FENCE_GATE,minecraft_cherry_fence_gate,Cherry Fence Gate,true,true
DARK_OAK_FENCE_GATE,minecraft_dark_oak_fence_gate,Dark Oak Fence Gate,true,true
MANGROVE_FENCE_GATE,minecraft_mangrove_fence_gate,Mangrove Fence Gate,true,true
BAMBOO_FENCE_GATE,minecraft_bamboo_fence_gate,Bamboo Fence Gate,true,true
CRIMSON_FENCE_GATE,minecraft_crimson_fence_gate,Crimson Fence Gate,true,true
WARPED_FENCE_GATE,minecraft_warped_fence_gate,Warped Fence Gate,true,true
POWERED_RAIL,minecraft_powered_rail,Powered Rail,true,true
DETECTOR_RAIL,minecraft_detector_rail,Detector Rail,true,true
RAIL,minecraft_rail,Rail,true,true
ACTIVATOR_RAIL,minecraft_activator_rail,Activator Rail,true,true
SADDLE,minecraft_saddle,Saddle,true,false
MINECART,minecraft_minecart,Minecart,true,false
CHEST_MINECART,minecraft_chest_minecart,Chest Minecart,true,false
FURNACE_MINECART,minecraft_furnace_minecart,Furnace Minecart,true,false
TNT_MINECART,minecraft_tnt_minecart,Tnt Minecart,true,false
HOPPER_MINECART,minecraft_hopper_minecart,Hopper Minecart,true,false
CARROT_ON_A_STICK,minecraft_carrot_on_a_stick,Carrot On A Stick,true,false
WARPED_FUNGUS_ON_A_STICK,minecraft_warped_fungus_on_a_stick,Warped Fungus On A Stick,true,false
ELYTRA,minecraft_elytra,Elytra,true,false
OAK_BOAT,minecraft_oak_boat,Oak Boat,true,false
OAK_CHEST_BOAT,minecraft_oak_chest_boat,Oak Chest Boat,true,false
SPRUCE_BOAT,minecraft_spruce_boat,Spruce Boat,true,false
SPRUCE_CHEST_BOAT,minecraft_spruce_chest_boat,Spruce Chest Boat,true,false
BIRCH_BOAT,minecraft_birch_boat,Birch Boat,true,false
BIRCH_CHEST_BOAT,minecraft_birch_chest_boat,Birch Chest Boat,true,false
JUNGLE_BOAT,minecraft_jungle_boat,Jungle Boat,true,false
JUNGLE_CHEST_BOAT,minecraft_jungle_chest_boat,Jungle Chest Boat,true,false
ACACIA_BOAT,minecraft_acacia_boat,Acacia Boat,true,false
ACACIA_CHEST_BOAT,minecraft_acacia_chest_boat,Acacia Chest Boat,true,false
CHERRY_BOAT,minecraft_cherry_boat,Cherry Boat,true,false
CHERRY_CHEST_BOAT,minecraft_cherry_chest_boat,Cherry Chest Boat,true,false
DARK_OAK_BOAT,minecraft_dark_oak_boat,Dark Oak Boat,true,false
DARK_OAK_CHEST_BOAT,minecraft_dark_oak_chest_boat,Dark Oak Chest Boat,true,false
MANGROVE_BOAT,minecraft_mangrove_boat,Mangrove Boat,true,false
MANGROVE_CHEST_BOAT,minecraft_mangrove_chest_boat,Mangrove Chest Boat,true,false
BAMBOO_RAFT,minecraft_bamboo_raft,Bamboo Raft,true,false
BAMBOO_CHEST_RAFT,minecraft_bamboo_chest_raft,Bamboo Chest Raft,true,false
STRUCTURE_BLOCK,minecraft_structure_block,Structure Block,true,true
JIGSAW,minecraft_jigsaw,Jigsaw,true,true
TURTLE_HELMET,minecraft_turtle_helmet,Turtle Helmet,true,false
SCUTE,minecraft_scute,Scute,true,false
FLINT_AND_STEEL,minecraft_flint_and_steel,Flint And Steel,true,false
APPLE,minecraft_apple,Apple,true,false
BOW,minecraft_bow,Bow,true,false
ARROW,minecraft_arrow,Arrow,true,false
COAL,minecraft_coal,Coal,true,false
CHARCOAL,minecraft_charcoal,Charcoal,true,false
DIAMOND,minecraft_diamond,Diamond,true,false
EMERALD,minecraft_emerald,Emerald,true,false
LAPIS_LAZULI,minecraft_lapis_lazuli,Lapis Lazuli,true,false
QUARTZ,minecraft_quartz,Quartz,true,false
AMETHYST_SHARD,minecraft_amethyst_shard,Amethyst Shard,true,false
RAW_IRON,minecraft_raw_iron,Raw Iron,true,false
IRON_INGOT,minecraft_iron_ingot,Iron Ingot,true,false
RAW_COPPER,minecraft_raw_copper,Raw Copper,true,false
COPPER_INGOT,minecraft_copper_ingot,Copper Ingot,true,false
RAW_GOLD,minecraft_raw_gold,Raw Gold,true,false
GOLD_INGOT,minecraft_gold_ingot,Gold Ingot,true,false
NETHERITE_INGOT,minecraft_netherite_ingot,Netherite Ingot,true,false
NETHERITE_SCRAP,minecraft_netherite_scrap,Netherite Scrap,true,false
WOODEN_SWORD,minecraft_wooden_sword,Wooden Sword,true,false
WOODEN_SHOVEL,minecraft_wooden_shovel,Wooden Shovel,true,false
WOODEN_PICKAXE,minecraft_wooden_pickaxe,Wooden Pickaxe,true,false
WOODEN_AXE,minecraft_wooden_axe,Wooden Axe,true,false
WOODEN_HOE,minecraft_wooden_hoe,Wooden Hoe,true,false
STONE_SWORD,minecraft_stone_sword,Stone Sword,true,false
STONE_SHOVEL,minecraft_stone_shovel,Stone Shovel,true,false
STONE_PICKAXE,minecraft_stone_pickaxe,Stone Pickaxe,true,false
STONE_AXE,minecraft_stone_axe,Stone Axe,true,false
STONE_HOE,minecraft_stone_hoe,Stone Hoe,true,false
GOLDEN_SWORD,minecraft_golden_sword,Golden Sword,true,false
GOLDEN_SHOVEL,minecraft_golden_shovel,Golden Shovel,true,false
GOLDEN_PICKAXE,minecraft_golden_pickaxe,Golden Pickaxe,true,false
GOLDEN_AXE,minecraft_golden_axe,Golden Axe,true,false
GOLDEN_HOE,minecraft_golden_hoe,Golden Hoe,true,false
IRON_SWORD,minecraft_iron_sword,Iron Sword,true,false
IRON_SHOVEL,minecraft_iron_shovel,Iron Shovel,true,false
IRON_PICKAXE,minecraft_iron_pickaxe,Iron Pickaxe,true,false
IRON_AXE,minecraft_iron_axe,Iron Axe,true,false
IRON_HOE,minecraft_iron_hoe,Iron Hoe,true,false
DIAMOND_SWORD,minecraft_diamond_sword,Diamond Sword,true,false
DIAMOND_SHOVEL,minecraft_diamond_shovel,Diamond Shovel,true,false
DIAMOND_PICKAXE,minecraft_diamond_pickaxe,Diamond Pickaxe,true,false
DIAMOND_AXE,minecraft_diamond_axe,Diamond Axe,true,false
DIAMOND_HOE,minecraft_diamond_hoe,Diamond Hoe,true,false
NETHERITE_SWORD,minecraft_netherite_sword,Netherite Sword,true,false
NETHERITE_SHOVEL,minecraft_netherite_shovel,Netherite Shovel,true,false
NETHERITE_PICKAXE,minecraft_netherite_pickaxe,Netherite Pickaxe,true,false
NETHERITE_AXE,minecraft_netherite_axe,Netherite Axe,true,false
NETHERITE_HOE,minecraft_netherite_hoe,Netherite Hoe,true,false
STICK,minecraft_stick,Stick,true,false
BOWL,minecraft_bowl,Bowl,true,false
MUSHROOM_STEW,minecraft_mushroom_stew,Mushroom Stew,true,false
STRING,minecraft_string,String,true,false
FEATHER,minecraft_feather,Feather,true,false
GUNPOWDER,minecraft_gunpowder,Gunpowder,true,false
WHEAT_SEEDS,minecraft_wheat_seeds,Wheat Seeds,true,false
WHEAT,minecraft_wheat,Wheat,true,true
BREAD,minecraft_bread,Bread,true,false
LEATHER_HELMET,minecraft_leather_helmet,Leather Helmet,true,false
LEATHER_CHESTPLATE,minecraft_leather_chestplate,Leather Chestplate,true,false
LEATHER_LEGGINGS,minecraft_leather_leggings,Leather Leggings,true,false
LEATHER_BOOTS,minecraft_leather_boots,Leather Boots,true,false
CHAINMAIL_HELMET,minecraft_chainmail_helmet,Chainmail Helmet,true,false
CHAINMAIL_CHESTPLATE,minecraft_chainmail_chestplate,Chainmail Chestplate,true,false
CHAINMAIL_LEGGINGS,minecraft_chainmail_leggings,Chainmail Leggings,true,false
CHAINMAIL_BOOTS,minecraft_chainmail_boots,Chainmail Boots,true,false
IRON_HELMET,minecraft_iron_helmet,Iron Helmet,true,false
IRON_CHESTPLATE,minecraft_iron_chestplate,Iron Chestplate,true,false
IRON_LEGGINGS,minecraft_iron_leggings,Iron Leggings,true,false
IRON_BOOTS,minecraft_iron_boots,Iron Boots,true,false
DIAMOND_HELMET,minecraft_diamond_helmet,Diamond Helmet,true,false
DIAMOND_CHESTPLATE,minecraft_diamond_chestplate,Diamond Chestplate,true,false
DIAMOND_LEGGINGS,minecraft_diamond_leggings,Diamond Leggings,true,false
DIAMOND_BOOTS,minecraft_diamond_boots,Diamond Boots,true,false
GOLDEN_HELMET,minecraft_golden_helmet,Golden Helmet,true,false
GOLDEN_CHESTPLATE,minecraft_golden_chestplate,Golden Chestplate,true,false
GOLDEN_LEGGINGS,minecraft_golden_leggings,Golden Leggings,true,false
GOLDEN_BOOTS,minecraft_golden_boots,Golden Boots,true,false
NETHERITE_HELMET,minecraft_netherite_helmet,Netherite Helmet,true,false
NETHERITE_CHESTPLATE,minecraft_netherite_chestplate,Netherite Chestplate,true,false
NETHERITE_LEGGINGS,minecraft_netherite_leggings,Netherite Leggings,true,false
NETHERITE_BOOTS,minecraft_netherite_boots,Netherite Boots,true,false
FLINT,minecraft_flint,Flint,true,false
PORKCHOP,minecraft_porkchop,Porkchop,true,false
COOKED_PORKCHOP,minecraft_cooked_porkchop,Cooked Porkchop,true,false
PAINTING,minecraft_painting,Painting,true,false
GOLDEN_APPLE,minecraft_golden_apple,Golden Apple,true,false
ENCHANTED_GOLDEN_APPLE,minecraft_enchanted_golden_apple,Enchanted Golden Apple,true,false
OAK_SIGN,minecraft_oak_sign,Oak Sign,true,true
SPRUCE_SIGN,minecraft_spruce_sign,Spruce Sign,true,true
BIRCH_SIGN,minecraft_birch_sign,Birch Sign,true,true
JUNGLE_SIGN,minecraft_jungle_sign,Jungle Sign,true,true
ACACIA_SIGN,minecraft_acacia_sign,Acacia Sign,true,true
CHERRY_SIGN,minecraft_cherry_sign,Cherry Sign,true,true
DARK_OAK_SIGN,minecraft_dark_oak_sign,Dark Oak Sign,true,true
MANGROVE_SIGN,minecraft_mangrove_sign,Mangrove Sign,true,true
BAMBOO_SIGN,minecraft_bamboo_sign,Bamboo Sign,true,true
CRIMSON_SIGN,minecraft_crimson_sign,Crimson Sign,true,true
WARPED_SIGN,minecraft_warped_sign,Warped Sign,true,true
OAK_HANGING_SIGN,minecraft_oak_hanging_sign,Oak Hanging Sign,true,true
SPRUCE_HANGING_SIGN,minecraft_spruce_hanging_sign,Spruce Hanging Sign,true,true
BIRCH_HANGING_SIGN,minecraft_birch_hanging_sign,Birch Hanging Sign,true,true
JUNGLE_HANGING_SIGN,minecraft_jungle_hanging_sign,Jungle Hanging Sign,true,true
ACACIA_HANGING_SIGN,minecraft_acacia_hanging_sign,Acacia Hanging Sign,true,true
CHERRY_HANGING_SIGN,minecraft_cherry_hanging_sign,Cherry Hanging Sign,true,true
DARK_OAK_HANGING_SIGN,minecraft_dark_oak_hanging_sign,Dark Oak Hanging Sign,true,true
MANGROVE_HANGING_SIGN,minecraft_mangrove_hanging_sign,Mangrove Hanging Sign,true,true
BAMBOO_HANGING_SIGN,minecraft_bamboo_hanging_sign,Bamboo Hanging Sign,true,true
CRIMSON_HANGING_SIGN,minecraft_crimson_hanging_sign,Crimson Hanging Sign,true,true
WARPED_HANGING_SIGN,minecraft_warped_hanging_sign,Warped Hanging Sign,true,true
BUCKET,minecraft_bucket,Bucket,true,false
WATER_BUCKET,minecraft_water_bucket,Water Bucket,true,false
LAVA_BUCKET,minecraft_lava_bucket,Lava Bucket,true,false
POWDER_SNOW_BUCKET,minecraft_powder_snow_bucket,Powder Snow Bucket,true,false
SNOWBALL,minecraft_snowball,Snowball,true,false
LEATHER,minecraft_leather,Leather,true,false
MILK_BUCKET,minecraft_milk_bucket,Milk Bucket,true,false
PUFFERFISH_BUCKET,minecraft_pufferfish_bucket,Pufferfish Bucket,true,false
SALMON_BUCKET,minecraft_salmon_bucket,Salmon Bucket,true,false
COD_BUCKET,minecraft_cod_bucket,Cod Bucket,true,false
TROPICAL_FISH_BUCKET,minecraft_tropical_fish_bucket,Tropical Fish Bucket,true,false
AXOLOTL_BUCKET,minecraft_axolotl_bucket,Axolotl Bucket,true,false
TADPOLE_BUCKET,minecraft_tadpole_bucket,Tadpole Bucket,true,false
BRICK,minecraft_brick,Brick,true,false
CLAY_BALL,minecraft_clay_ball,Clay Ball,true,false
DRIED_KELP_BLOCK,minecraft_dried_kelp_block,Dried Kelp Block,true,true
PAPER,minecraft_paper,Paper,true,false
BOOK,minecraft_book,Book,true,false
SLIME_BALL,minecraft_slime_ball,Slime Ball,true,false
EGG,minecraft_egg,Egg,true,false
COMPASS,minecraft_compass,Compass,true,false
RECOVERY_COMPASS,minecraft_recovery_compass,Recovery Compass,true,false
BUNDLE,minecraft_bundle,Bundle,true,false
FISHING_ROD,minecraft_fishing_rod,Fishing Rod,true,false
CLOCK,minecraft_clock,Clock,true,false
SPYGLASS,minecraft_spyglass,Spyglass,true,false
GLOWSTONE_DUST,minecraft_glowstone_dust,Glowstone Dust,true,false
COD,minecraft_cod,Cod,true,false
SALMON,minecraft_salmon,Salmon,true,false
TROPICAL_FISH,minecraft_tropical_fish,Tropical Fish,true,false
PUFFERFISH,minecraft_pufferfish,Pufferfish,true,false
COOKED_COD,minecraft_cooked_cod,Cooked Cod,true,false
COOKED_SALMON,minecraft_cooked_salmon,Cooked Salmon,true,false
INK_SAC,minecraft_ink_sac,Ink Sac,true,false
GLOW_INK_SAC,minecraft_glow_ink_sac,Glow Ink Sac,true,false
COCOA_BEANS,minecraft_cocoa_beans,Cocoa Beans,true,false
WHITE_DYE,minecraft_white_dye,White Dye,true,false
ORANGE_DYE,minecraft_orange_dye,Orange Dye,true,false
MAGENTA_DYE,minecraft_magenta_dye,Magenta Dye,true,false
LIGHT_BLUE_DYE,minecraft_light_blue_dye,Light Blue Dye,true,false
YELLOW_DYE,minecraft_yellow_dye,Yellow Dye,true,false
LIME_DYE,minecraft_lime_dye,Lime Dye,true,false
PINK_DYE,minecraft_pink_dye,Pink Dye,true,false
GRAY_DYE,minecraft_gray_dye,Gray Dye,true,false
LIGHT_GRAY_DYE,minecraft_light_gray_dye,Light Gray Dye,true,false
CYAN_DYE,minecraft_cyan_dye,Cyan Dye,true,false
PURPLE_DYE,minecraft_purple_dye,Purple Dye,true,false
BLUE_DYE,minecraft_blue_dye,Blue Dye,true,false
BROWN_DYE,minecraft_brown_dye,Brown Dye,true,false
GREEN_DYE,minecraft_green_dye,Green Dye,true,false
RED_DYE,minecraft_red_dye,Red Dye,true,false
BLACK_DYE,minecraft_black_dye,Black Dye,true,false
BONE_MEAL,minecraft_bone_meal,Bone Meal,true,false
BONE,minecraft_bone,Bone,true,false
SUGAR,minecraft_sugar,Sugar,true,false
CAKE,minecraft_cake,Cake,true,true
WHITE_BED,minecraft_white_bed,White Bed,true,true
ORANGE_BED,minecraft_orange_bed,Orange Bed,true,true
MAGENTA_BED,minecraft_magenta_bed,Magenta Bed,true,true
LIGHT_BLUE_BED,minecraft_light_blue_bed,Light Blue Bed,true,true
YELLOW_BED,minecraft_yellow_bed,Yellow Bed,true,true
LIME_BED,minecraft_lime_bed,Lime Bed,true,true
PINK_BED,minecraft_pink_bed,Pink Bed,true,true
GRAY_BED,minecraft_gray_bed,Gray Bed,true,true
LIGHT_GRAY_BED,minecraft_light_gray_bed,Light Gray Bed,true,true
CYAN_BED,minecraft_cyan_bed,Cyan Bed,true,true
PURPLE_BED,minecraft_purple_bed,Purple Bed,true,true
BLUE_BED,minecraft_blue_bed,Blue Bed,true,true
BROWN_BED,minecraft_brown_bed,Brown Bed,true,true
GREEN_BED,minecraft_green_bed,Green Bed,true,true
RED_BED,minecraft_red_bed,Red Bed,true,true
BLACK_BED,minecraft_black_bed,Black Bed,true,true
COOKIE,minecraft_cookie,Cookie,true,false
FILLED_MAP,minecraft_filled_map,Filled Map,true,false
SHEARS,minecraft_shears,Shears,true,false
MELON_SLICE,minecraft_melon_slice,Melon Slice,true,false
DRIED_KELP,minecraft_dried_kelp,Dried Kelp,true,false
PUMPKIN_SEEDS,minecraft_pumpkin_seeds,Pumpkin Seeds,true,false
MELON_SEEDS,minecraft_melon_seeds,Melon Seeds,true,false
BEEF,minecraft_beef,Beef,true,false
COOKED_BEEF,minecraft_cooked_beef,Cooked Beef,true,false
CHICKEN,minecraft_chicken,Chicken,true,false
COOKED_CHICKEN,minecraft_cooked_chicken,Cooked Chicken,true,false
ROTTEN_FLESH,minecraft_rotten_flesh,Rotten Flesh,true,false
ENDER_PEARL,minecraft_ender_pearl,Ender Pearl,true,false
BLAZE_ROD,minecraft_blaze_rod,Blaze Rod,true,false
GHAST_TEAR,minecraft_ghast_tear,Ghast Tear,true,false
GOLD_NUGGET,minecraft_gold_nugget,Gold Nugget,true,false
NETHER_WART,minecraft_nether_wart,Nether Wart,true,true
POTION,minecraft_potion,Potion,true,false
GLASS_BOTTLE,minecraft_glass_bottle,Glass Bottle,true,false
SPIDER_EYE,minecraft_spider_eye,Spider Eye,true,false
FERMENTED_SPIDER_EYE,minecraft_fermented_spider_eye,Fermented Spider Eye,true,false
BLAZE_POWDER,minecraft_blaze_powder,Blaze Powder,true,false
MAGMA_CREAM,minecraft_magma_cream,Magma Cream,true,false
BREWING_STAND,minecraft_brewing_stand,Brewing Stand,true,true
CAULDRON,minecraft_cauldron,Cauldron,true,true
ENDER_EYE,minecraft_ender_eye,Ender Eye,true,false
GLISTERING_MELON_SLICE,minecraft_glistering_melon_slice,Glistering Melon Slice,true,false
ALLAY_SPAWN_EGG,minecraft_allay_spawn_egg,Allay Spawn Egg,true,false
AXOLOTL_SPAWN_EGG,minecraft_axolotl_spawn_egg,Axolotl Spawn Egg,true,false
BAT_SPAWN_EGG,minecraft_bat_spawn_egg,Bat Spawn Egg,true,false
BEE_SPAWN_EGG,minecraft_bee_spawn_egg,Bee Spawn Egg,true,false
BLAZE_SPAWN_EGG,minecraft_blaze_spawn_egg,Blaze Spawn Egg,true,false
CAT_SPAWN_EGG,minecraft_cat_spawn_egg,Cat Spawn Egg,true,false
CAMEL_SPAWN_EGG,minecraft_camel_spawn_egg,Camel Spawn Egg,true,false
CAVE_SPIDER_SPAWN_EGG,minecraft_cave_spider_spawn_egg,Cave Spider Spawn Egg,true,false
CHICKEN_SPAWN_EGG,minecraft_chicken_spawn_egg,Chicken Spawn Egg,true,false
COD_SPAWN_EGG,minecraft_cod_spawn_egg,Cod Spawn Egg,true,false
COW_SPAWN_EGG,minecraft_cow_spawn_egg,Cow Spawn Egg,true,false
CREEPER_SPAWN_EGG,minecraft_creeper_spawn_egg,Creeper Spawn Egg,true,false
DOLPHIN_SPAWN_EGG,minecraft_dolphin_spawn_egg,Dolphin Spawn Egg,true,false
DONKEY_SPAWN_EGG,minecraft_donkey_spawn_egg,Donkey Spawn Egg,true,false
DROWNED_SPAWN_EGG,minecraft_drowned_spawn_egg,Drowned Spawn Egg,true,false
ELDER_GUARDIAN_SPAWN_EGG,minecraft_elder_guardian_spawn_egg,Elder Guardian Spawn Egg,true,false
ENDER_DRAGON_SPAWN_EGG,minecraft_ender_dragon_spawn_egg,Ender Dragon Spawn Egg,true,false
ENDERMAN_SPAWN_EGG,minecraft_enderman_spawn_egg,Enderman Spawn Egg,true,false
ENDERMITE_SPAWN_EGG,minecraft_endermite_spawn_egg,Endermite Spawn Egg,true,false
EVOKER_SPAWN_EGG,minecraft_evoker_spawn_egg,Evoker Spawn Egg,true,false
FOX_SPAWN_EGG,minecraft_fox_spawn_egg,Fox Spawn Egg,true,false
FROG_SPAWN_EGG,minecraft_frog_spawn_egg,Frog Spawn Egg,true,false
GHAST_SPAWN_EGG,minecraft_ghast_spawn_egg,Ghast Spawn Egg,true,false
GLOW_SQUID_SPAWN_EGG,minecraft_glow_squid_spawn_egg,Glow Squid Spawn Egg,true,false
GOAT_SPAWN_EGG,minecraft_goat_spawn_egg,Goat Spawn Egg,true,false
GUARDIAN_SPAWN_EGG,minecraft_guardian_spawn_egg,Guardian Spawn Egg,true,false
HOGLIN_SPAWN_EGG,minecraft_hoglin_spawn_egg,Hoglin Spawn Egg,true,false
HORSE_SPAWN_EGG,minecraft_horse_spawn_egg,Horse Spawn Egg,true,false
HUSK_SPAWN_EGG,minecraft_husk_spawn_egg,Husk Spawn Egg,true,false
IRON_GOLEM_SPAWN_EGG,minecraft_iron_golem_spawn_egg,Iron Golem Spawn Egg,true,false
LLAMA_SPAWN_EGG,minecraft_llama_spawn_egg,Llama Spawn Egg,true,false
MAGMA_CUBE_SPAWN_EGG,minecraft_magma_cube_spawn_egg,Magma Cube Spawn Egg,true,false
MOOSHROOM_SPAWN_EGG,minecraft_mooshroom_spawn_egg,Mooshroom Spawn Egg,true,false
MULE_SPAWN_EGG,minecraft_mule_spawn_egg,Mule Spawn Egg,true,false
OCELOT_SPAWN_EGG,minecraft_ocelot_spawn_egg,Ocelot Spawn Egg,true,false
PANDA_SPAWN_EGG,minecraft_panda_spawn_egg,Panda Spawn Egg,true,false
PARROT_SPAWN_EGG,minecraft_parrot_spawn_egg,Parrot Spawn Egg,true,false
PHANTOM_SPAWN_EGG,minecraft_phantom_spawn_egg,Phantom Spawn Egg,true,false
PIG_SPAWN_EGG,minecraft_pig_spawn_egg,Pig Spawn Egg,true,false
PIGLIN_SPAWN_EGG,minecraft_piglin_spawn_egg,Piglin Spawn Egg,true,false
PIGLIN_BRUTE_SPAWN_EGG,minecraft_piglin_brute_spawn_egg,Piglin Brute Spawn Egg,true,false
PILLAGER_SPAWN_EGG,minecraft_pillager_spawn_egg,Pillager Spawn Egg,true,false
POLAR_BEAR_SPAWN_EGG,minecraft_polar_bear_spawn_egg,Polar Bear Spawn Egg,true,false
PUFFERFISH_SPAWN_EGG,minecraft_pufferfish_spawn_egg,Pufferfish Spawn Egg,true,false
RABBIT_SPAWN_EGG,minecraft_rabbit_spawn_egg,Rabbit Spawn Egg,true,false
RAVAGER_SPAWN_EGG,minecraft_ravager_spawn_egg,Ravager Spawn Egg,true,false
SALMON_SPAWN_EGG,minecraft_salmon_spawn_egg,Salmon Spawn Egg,true,false
SHEEP_SPAWN_EGG,minecraft_sheep_spawn_egg,Sheep Spawn Egg,true,false
SHULKER_SPAWN_EGG,minecraft_shulker_spawn_egg,Shulker Spawn Egg,true,false
SILVERFISH_SPAWN_EGG,minecraft_silverfish_spawn_egg,Silverfish Spawn Egg,true,false
SKELETON_SPAWN_EGG,minecraft_skeleton_spawn_egg,Skeleton Spawn Egg,true,false
SKELETON_HORSE_SPAWN_EGG,minecraft_skeleton_horse_spawn_egg,Skeleton Horse Spawn Egg,true,false
SLIME_SPAWN_EGG,minecraft_slime_spawn_egg,Slime Spawn Egg,true,false
SNIFFER_SPAWN_EGG,minecraft_sniffer_spawn_egg,Sniffer Spawn Egg,true,false
SNOW_GOLEM_SPAWN_EGG,minecraft_snow_golem_spawn_egg,Snow Golem Spawn Egg,true,false
SPIDER_SPAWN_EGG,minecraft_spider_spawn_egg,Spider Spawn Egg,true,false
SQUID_SPAWN_EGG,minecraft_squid_spawn_egg,Squid Spawn Egg,true,false
STRAY_SPAWN_EGG,minecraft_stray_spawn_egg,Stray Spawn Egg,true,false
STRIDER_SPAWN_EGG,minecraft_strider_spawn_egg,Strider Spawn Egg,true,false
TADPOLE_SPAWN_EGG,minecraft_tadpole_spawn_egg,Tadpole Spawn Egg,true,false
TRADER_LLAMA_SPAWN_EGG,minecraft_trader_llama_spawn_egg,Trader Llama Spawn Egg,true,false
TROPICAL_FISH_SPAWN_EGG,minecraft_tropical_fish_spawn_egg,Tropical Fish Spawn Egg,true,false
TURTLE_SPAWN_EGG,minecraft_turtle_spawn_egg,Turtle Spawn Egg,true,false
VEX_SPAWN_EGG,minecraft_vex_spawn_egg,Vex Spawn Egg,true,false
VILLAGER_SPAWN_EGG,minecraft_villager_spawn_egg,Villager Spawn Egg,true,false
VINDICATOR_SPAWN_EGG,minecraft_vindicator_spawn_egg,Vindicator Spawn Egg,true,false
WANDERING_TRADER_SPAWN_EGG,minecraft_wandering_trader_spawn_egg,Wandering Trader Spawn Egg,true,false
WARDEN_SPAWN_EGG,minecraft_warden_spawn_egg,Warden Spawn Egg,true,false
WITCH_SPAWN_EGG,minecraft_witch_spawn_egg,Witch Spawn Egg,true,false
WITHER_SPAWN_EGG,minecraft_wither_spawn_egg,Wither Spawn Egg,true,false
WITHER_SKELETON_SPAWN_EGG,minecraft_wither_skeleton_spawn_egg,Wither Skeleton Spawn Egg,true,false
WOLF_SPAWN_EGG,minecraft_wolf_spawn_egg,Wolf Spawn Egg,true,false
ZOGLIN_SPAWN_EGG,minecraft_zoglin_spawn_egg,Zoglin Spawn Egg,true,false
ZOMBIE_SPAWN_EGG,minecraft_zombie_spawn_egg,Zombie Spawn Egg,true,false
ZOMBIE_HORSE_SPAWN_EGG,minecraft_zombie_horse_spawn_egg,Zombie Horse Spawn Egg,true,false
ZOMBIE_VILLAGER_SPAWN_EGG,minecraft_zombie_villager_spawn_egg,Zombie Villager Spawn Egg,true,false
ZOMBIFIED_PIGLIN_SPAWN_EGG,minecraft_zombified_piglin_spawn_egg,Zombified Piglin Spawn Egg,true,false
EXPERIENCE_BOTTLE,minecraft_experience_bottle,Experience Bottle,true,false
FIRE_CHARGE,minecraft_fire_charge,Fire Charge,true,false
WRITABLE_BOOK,minecraft_writable_book,Writable Book,true,false
WRITTEN_BOOK,minecraft_written_book,Written Book,true,false
ITEM_FRAME,minecraft_item_frame,Item Frame,true,false
GLOW_ITEM_FRAME,minecraft_glow_item_frame,Glow Item Frame,true,false
FLOWER_POT,minecraft_flower_pot,Flower Pot,true,true
CARROT,minecraft_carrot,Carrot,true,false
POTATO,minecraft_potato,Potato,true,false
BAKED_POTATO,minecraft_baked_potato,Baked Potato,true,false
POISONOUS_POTATO,minecraft_poisonous_potato,Poisonous Potato,true,false
MAP,minecraft_map,Map,true,false
GOLDEN_CARROT,minecraft_golden_carrot,Golden Carrot,true,false
SKELETON_SKULL,minecraft_skeleton_skull,Skeleton Skull,true,true
WITHER_SKELETON_SKULL,minecraft_wither_skeleton_skull,Wither Skeleton Skull,true,true
PLAYER_HEAD,minecraft_player_head,Player Head,true,true
ZOMBIE_HEAD,minecraft_zombie_head,Zombie Head,true,true
CREEPER_HEAD,minecraft_creeper_head,Creeper Head,true,true
DRAGON_HEAD,minecraft_dragon_head,Dragon Head,true,true
PIGLIN_HEAD,minecraft_piglin_head,Piglin Head,true,true
NETHER_STAR,minecraft_nether_star,Nether Star,true,false
PUMPKIN_PIE,minecraft_pumpkin_pie,Pumpkin Pie,true,false
FIREWORK_ROCKET,minecraft_firework_rocket,Firework Rocket,true,false
FIREWORK_STAR,minecraft_firework_star,Firework Star,true,false
ENCHANTED_BOOK,minecraft_enchanted_book,Enchanted Book,true,false
NETHER_BRICK,minecraft_nether_brick,Nether Brick,true,false
PRISMARINE_SHARD,minecraft_prismarine_shard,Prismarine Shard,true,false
PRISMARINE_CRYSTALS,minecraft_prismarine_crystals,Prismarine Crystals,true,false
RABBIT,minecraft_rabbit,Rabbit,true,false
COOKED_RABBIT,minecraft_cooked_rabbit,Cooked Rabbit,true,false
RABBIT_STEW,minecraft_rabbit_stew,Rabbit Stew,true,false
RABBIT_FOOT,minecraft_rabbit_foot,Rabbit Foot,true,false
RABBIT_HIDE,minecraft_rabbit_hide,Rabbit Hide,true,false
ARMOR_STAND,minecraft_armor_stand,Armor Stand,true,false
IRON_HORSE_ARMOR,minecraft_iron_horse_armor,Iron Horse Armor,true,false
GOLDEN_HORSE_ARMOR,minecraft_golden_horse_armor,Golden Horse Armor,true,false
DIAMOND_HORSE_ARMOR,minecraft_diamond_horse_armor,Diamond Horse Armor,true,false
LEATHER_HORSE_ARMOR,minecraft_leather_horse_armor,Leather Horse Armor,true,false
LEAD,minecraft_lead,Lead,true,false
NAME_TAG,minecraft_name_tag,Name Tag,true,false
COMMAND_BLOCK_MINECART,minecraft_command_block_minecart,Command Block Minecart,true,false
MUTTON,minecraft_mutton,Mutton,true,false
COOKED_MUTTON,minecraft_cooked_mutton,Cooked Mutton,true,false
WHITE_BANNER,minecraft_white_banner,White Banner,true,true
ORANGE_BANNER,minecraft_orange_banner,Orange Banner,true,true
MAGENTA_BANNER,minecraft_magenta_banner,Magenta Banner,true,true
LIGHT_BLUE_BANNER,minecraft_light_blue_banner,Light Blue Banner,true,true
YELLOW_BANNER,minecraft_yellow_banner,Yellow Banner,true,true
LIME_BANNER,minecraft_lime_banner,Lime Banner,true,true
PINK_BANNER,minecraft_pink_banner,Pink Banner,true,true
GRAY_BANNER,minecraft_gray_banner,Gray Banner,true,true
LIGHT_GRAY_BANNER,minecraft_light_gray_banner,Light Gray Banner,true,true
CYAN_BANNER,minecraft_cyan_banner,Cyan Banner,true,true
PURPLE_BANNER,minecraft_purple_banner,Purple Banner,true,true
BLUE_BANNER,minecraft_blue_banner,Blue Banner,true,true
BROWN_BANNER,minecraft_brown_banner,Brown Banner,true,true
GREEN_BANNER,minecraft_green_banner,Green Banner,true,true
RED_BANNER,minecraft_red_banner,Red Banner,true,true
BLACK_BANNER,minecraft_black_banner,Black Banner,true,true
END_CRYSTAL,minecraft_end_crystal,End Crystal,true,false
CHORUS_FRUIT,minecraft_chorus_fruit,Chorus Fruit,true,false
POPPED_CHORUS_FRUIT,minecraft_popped_chorus_fruit,Popped Chorus Fruit,true,false
TORCHFLOWER_SEEDS,minecraft_torchflower_seeds,Torchflower Seeds,true,false
PITCHER_POD,minecraft_pitcher_pod,Pitcher Pod,true,false
BEETROOT,minecraft_beetroot,Beetroot,true,false
BEETROOT_SEEDS,minecraft_beetroot_seeds,Beetroot Seeds,true,false
BEETROOT_SOUP,minecraft_beetroot_soup,Beetroot Soup,true,false
DRAGON_BREATH,minecraft_dragon_breath,Dragon Breath,true,false
SPLASH_POTION,minecraft_splash_potion,Splash Potion,true,false
SPECTRAL_ARROW,minecraft_spectral_arrow,Spectral Arrow,true,false
TIPPED_ARROW,minecraft_tipped_arrow,Tipped Arrow,true,false
LINGERING_POTION,minecraft_lingering_potion,Lingering Potion,true,false
SHIELD,minecraft_shield,Shield,true,false
TOTEM_OF_UNDYING,minecraft_totem_of_undying,Totem Of Undying,true,false
SHULKER_SHELL,minecraft_shulker_shell,Shulker Shell,true,false
IRON_NUGGET,minecraft_iron_nugget,Iron Nugget,true,false
KNOWLEDGE_BOOK,minecraft_knowledge_book,Knowledge Book,true,false
DEBUG_STICK,minecraft_debug_stick,Debug Stick,true,false
MUSIC_DISC_13,minecraft_music_disc_13,Music Disc 13,true,false
MUSIC_DISC_CAT,minecraft_music_disc_cat,Music Disc Cat,true,false
MUSIC_DISC_BLOCKS,minecraft_music_disc_blocks,Music Disc Blocks,true,false
MUSIC_DISC_CHIRP,minecraft_music_disc_chirp,Music Disc Chirp,true,false
MUSIC_DISC_FAR,minecraft_music_disc_far,Music Disc Far,true,false
MUSIC_DISC_MALL,minecraft_music_disc_mall,Music Disc Mall,true,false
MUSIC_DISC_MELLOHI,minecraft_music_disc_mellohi,Music Disc Mellohi,true,false
MUSIC_DISC_STAL,minecraft_music_disc_stal,Music Disc Stal,true,false
MUSIC_DISC_STRAD,minecraft_music_disc_strad,Music Disc Strad,true,false
MUSIC_DISC_WARD,minecraft_music_disc_ward,Music Disc Ward,true,false
MUSIC_DISC_11,minecraft_music_disc_11,Music Disc 11,true,false
MUSIC_DISC_WAIT,minecraft_music_disc_wait,Music Disc Wait,true,false
MUSIC_DISC_OTHERSIDE,minecraft_music_disc_otherside,Music Disc Otherside,true,false
MUSIC_DISC_RELIC,minecraft_music_disc_relic,Music Disc Relic,true,false
MUSIC_DISC_5,minecraft_music_disc_5,Music Disc 5,true,false
MUSIC_DISC_PIGSTEP,minecraft_music_disc_pigstep,Music Disc Pigstep,true,false
DISC_FRAGMENT_5,minecraft_disc_fragment_5,Disc Fragment 5,true,false
TRIDENT,minecraft_trident,Trident,true,false
PHANTOM_MEMBRANE,minecraft_phantom_membrane,Phantom Membrane,true,false
NAUTILUS_SHELL,minecraft_nautilus_shell,Nautilus Shell,true,false
HEART_OF_THE_SEA,minecraft_heart_of_the_sea,Heart Of The Sea,true,false
CROSSBOW,minecraft_crossbow,Crossbow,true,false
SUSPICIOUS_STEW,minecraft_suspicious_stew,Suspicious Stew,true,false
LOOM,minecraft_loom,Loom,true,true
FLOWER_BANNER_PATTERN,minecraft_flower_banner_pattern,Flower Banner Pattern,true,false
CREEPER_BANNER_PATTERN,minecraft_creeper_banner_pattern,Creeper Banner Pattern,true,false
SKULL_BANNER_PATTERN,minecraft_skull_banner_pattern,Skull Banner Pattern,true,false
MOJANG_BANNER_PATTERN,minecraft_mojang_banner_pattern,Mojang Banner Pattern,true,false
GLOBE_BANNER_PATTERN,minecraft_globe_banner_pattern,Globe Banner Pattern,true,false
PIGLIN_BANNER_PATTERN,minecraft_piglin_banner_pattern,Piglin Banner Pattern,true,false
GOAT_HORN,minecraft_goat_horn,Goat Horn,true,false
COMPOSTER,minecraft_composter,Composter,true,true
BARREL,minecraft_barrel,Barrel,true,true
SMOKER,minecraft_smoker,Smoker,true,true
BLAST_FURNACE,minecraft_blast_furnace,Blast Furnace,true,true
CARTOGRAPHY_TABLE,minecraft_cartography_table,Cartography Table,true,true
FLETCHING_TABLE,minecraft_fletching_table,Fletching Table,true,true
GRINDSTONE,minecraft_grindstone,Grindstone,true,true
SMITHING_TABLE,minecraft_smithing_table,Smithing Table,true,true
STONECUTTER,minecraft_stonecutter,Stonecutter,true,true
BELL,minecraft_bell,Bell,true,true
LANTERN,minecraft_lantern,Lantern,true,true
SOUL_LANTERN,minecraft_soul_lantern,Soul Lantern,true,true
SWEET_BERRIES,minecraft_sweet_berries,Sweet Berries,true,false
GLOW_BERRIES,minecraft_glow_berries,Glow Berries,true,false
CAMPFIRE,minecraft_campfire,Campfire,true,true
SOUL_CAMPFIRE,minecraft_soul_campfire,Soul Campfire,true,true
SHROOMLIGHT,minecraft_shroomlight,Shroomlight,true,true
HONEYCOMB,minecraft_honeycomb,Honeycomb,true,false
BEE_NEST,minecraft_bee_nest,Bee Nest,true,true
BEEHIVE,minecraft_beehive,Beehive,true,true
HONEY_BOTTLE,minecraft_honey_bottle,Honey Bottle,true,false
HONEYCOMB_BLOCK,minecraft_honeycomb_block,Honeycomb Block,true,true
LODESTONE,minecraft_lodestone,Lodestone,true,true
CRYING_OBSIDIAN,minecraft_crying_obsidian,Crying Obsidian,true,true
BLACKSTONE,minecraft_blackstone,Blackstone,true,true
BLACKSTONE_SLAB,minecraft_blackstone_slab,Blackstone Slab,true,true
BLACKSTONE_STAIRS,minecraft_blackstone_stairs,Blackstone Stairs,true,true
GILDED_BLACKSTONE,minecraft_gilded_blackstone,Gilded Blackstone,true,true
POLISHED_BLACKSTONE,minecraft_polished_blackstone,Polished Blackstone,true,true
POLISHED_BLACKSTONE_SLAB,minecraft_polished_blackstone_slab,Polished Blackstone Slab,true,true
POLISHED_BLACKSTONE_STAIRS,minecraft_polished_blackstone_stairs,Polished Blackstone Stairs,true,true
CHISELED_POLISHED_BLACKSTONE,minecraft_chiseled_polished_blackstone,Chiseled Polished Blackstone,true,true
POLISHED_BLACKSTONE_BRICKS,minecraft_polished_blackstone_bricks,Polished Blackstone Bricks,true,true
POLISHED_BLACKSTONE_BRICK_SLAB,minecraft_polished_blackstone_brick_slab,Polished Blackstone Brick Slab,true,true
POLISHED_BLACKSTONE_BRICK_STAIRS,minecraft_polished_blackstone_brick_stairs,Polished Blackstone Brick Stairs,true,true
CRACKED_POLISHED_BLACKSTONE_BRICKS,minecraft_cracked_polished_blackstone_bricks,Cracked Polished Blackstone Bricks,true,true
RESPAWN_ANCHOR,minecraft_respawn_anchor,Respawn Anchor,true,true
CANDLE,minecraft_candle,Candle,true,true
WHITE_CANDLE,minecraft_white_candle,White Candle,true,true
ORANGE_CANDLE,minecraft_orange_candle,Orange Candle,true,true
MAGENTA_CANDLE,minecraft_magenta_candle,Magenta Candle,true,true
LIGHT_BLUE_CANDLE,minecraft_light_blue_candle,Light Blue Candle,true,true
YELLOW_CANDLE,minecraft_yellow_candle,Yellow Candle,true,true
LIME_CANDLE,minecraft_lime_candle,Lime Candle,true,true
PINK_CANDLE,minecraft_pink_candle,Pink Candle,true,true
GRAY_CANDLE,minecraft_gray_candle,Gray Candle,true,true
LIGHT_GRAY_CANDLE,minecraft_light_gray_candle,Light Gray Candle,true,true
CYAN_CANDLE,minecraft_cyan_candle,Cyan Candle,true,true
PURPLE_CANDLE,minecraft_purple_candle,Purple Candle,true,true
BLUE_CANDLE,minecraft_blue_candle,Blue Candle,true,true
BROWN_CANDLE,minecraft_brown_candle,Brown Candle,true,true
GREEN_CANDLE,minecraft_green_candle,Green Candle,true,true
RED_CANDLE,minecraft_red_candle,Red Candle,true,true
BLACK_CANDLE,minecraft_black_candle,Black Candle,true,true
SMALL_AMETHYST_BUD,minecraft_small_amethyst_bud,Small Amethyst Bud,true,true
MEDIUM_AMETHYST_BUD,minecraft_medium_amethyst_bud,Medium Amethyst Bud,true,true
LARGE_AMETHYST_BUD,minecraft_large_amethyst_bud,Large Amethyst Bud,true,true
AMETHYST_CLUSTER,minecraft_amethyst_cluster,Amethyst Cluster,true,true
POINTED_DRIPSTONE,minecraft_pointed_dripstone,Pointed Dripstone,true,true
OCHRE_FROGLIGHT,minecraft_ochre_froglight,Ochre Froglight,true,true
VERDANT_FROGLIGHT,minecraft_verdant_froglight,Verdant Froglight,true,true
PEARLESCENT_FROGLIGHT,minecraft_pearlescent_froglight,Pearlescent Froglight,true,true
FROGSPAWN,minecraft_frogspawn,Frogspawn,true,true
ECHO_SHARD,minecraft_echo_shard,Echo Shard,true,false
BRUSH,minecraft_brush,Brush,true,false
NETHERITE_UPGRADE_SMITHING_TEMPLATE,minecraft_netherite_upgrade_smithing_template,Netherite Upgrade Smithing Template,true,false
SENTRY_ARMOR_TRIM_SMITHING_TEMPLATE,minecraft_sentry_armor_trim_smithing_template,Sentry Armor Trim Smithing Template,true,false
DUNE_ARMOR_TRIM_SMITHING_TEMPLATE,minecraft_dune_armor_trim_smithing_template,Dune Armor Trim Smithing Template,true,false
COAST_ARMOR_TRIM_SMITHING_TEMPLATE,minecraft_coast_armor_trim_smithing_template,Coast Armor Trim Smithing Template,true,false
WILD_ARMOR_TRIM_SMITHING_TEMPLATE,minecraft_wild_armor_trim_smithing_template,Wild Armor Trim Smithing Template,true,false
WARD_ARMOR_TRIM_SMITHING_TEMPLATE,minecraft_ward_armor_trim_smithing_template,Ward Armor Trim Smithing Template,true,false
EYE_ARMOR_TRIM_SMITHING_TEMPLATE,minecraft_eye_armor_trim_smithing_template,Eye Armor Trim Smithing Template,true,false
VEX_ARMOR_TRIM_SMITHING_TEMPLATE,minecraft_vex_armor_trim_smithing_template,Vex Armor Trim Smithing Template,true,false
TIDE_ARMOR_TRIM_SMITHING_TEMPLATE,minecraft_tide_armor_trim_smithing_template,Tide Armor Trim Smithing Template,true,false
SNOUT_ARMOR_TRIM_SMITHING_TEMPLATE,minecraft_snout_armor_trim_smithing_template,Snout Armor Trim Smithing Template,true,false
RIB_ARMOR_TRIM_SMITHING_TEMPLATE,minecraft_rib_armor_trim_smithing_template,Rib Armor Trim Smithing Template,true,false
SPIRE_ARMOR_TRIM_SMITHING_TEMPLATE,minecraft_spire_armor_trim_smithing_template,Spire Armor Trim Smithing Template,true,false
WAYFINDER_ARMOR_TRIM_SMITHING_TEMPLATE,minecraft_wayfinder_armor_trim_smithing_template,Wayfinder Armor Trim Smithing Template,true,false
SHAPER_ARMOR_TRIM_SMITHING_TEMPLATE,minecraft_shaper_armor_trim_smithing_template,Shaper Armor Trim Smithing Template,true,false
SILENCE_ARMOR_TRIM_SMITHING_TEMPLATE,minecraft_silence_armor_trim_smithing_template,Silence Armor Trim Smithing Template,true,false
RAISER_ARMOR_TRIM_SMITHING_TEMPLATE,minecraft_raiser_armor_trim_smithing_template,Raiser Armor Trim Smithing Template,true,false
HOST_ARMOR_TRIM_SMITHING_TEMPLATE,minecraft_host_armor_trim_smithing_template,Host Armor Trim Smithing Template,true,false
ANGLER_POTTERY_SHERD,minecraft_angler_pottery_sherd,Angler Pottery Sherd,true,false
ARCHER_POTTERY_SHERD,minecraft_archer_pottery_sherd,Archer Pottery Sherd,true,false
ARMS_UP_POTTERY_SHERD,minecraft_arms_up_pottery_sherd,Arms Up Pottery Sherd,true,false
BLADE_POTTERY_SHERD,minecraft_blade_pottery_sherd,Blade Pottery Sherd,true,false
BREWER_POTTERY_SHERD,minecraft_brewer_pottery_sherd,Brewer Pottery Sherd,true,false
BURN_POTTERY_SHERD,minecraft_burn_pottery_sherd,Burn Pottery Sherd,true,false
DANGER_POTTERY_SHERD,minecraft_danger_pottery_sherd,Danger Pottery Sherd,true,false
EXPLORER_POTTERY_SHERD,minecraft_explorer_pottery_sherd,Explorer Pottery Sherd,true,false
FRIEND_POTTERY_SHERD,minecraft_friend_pottery_sherd,Friend Pottery Sherd,true,false
HEART_POTTERY_SHERD,minecraft_heart_pottery_sherd,Heart Pottery Sherd,true,false
HEARTBREAK_POTTERY_SHERD,minecraft_heartbreak_pottery_sherd,Heartbreak Pottery Sherd,true,false
HOWL_POTTERY_SHERD,minecraft_howl_pottery_sherd,Howl Pottery Sherd,true,false
MINER_POTTERY_SHERD,minecraft_miner_pottery_sherd,Miner Pottery Sherd,true,false
MOURNER_POTTERY_SHERD,minecraft_mourner_pottery_sherd,Mourner Pottery Sherd,true,false
PLENTY_POTTERY_SHERD,minecraft_plenty_pottery_sherd,Plenty Pottery Sherd,true,false
PRIZE_POTTERY_SHERD,minecraft_prize_pottery_sherd,Prize Pottery Sherd,true,false
SHEAF_POTTERY_SHERD,minecraft_sheaf_pottery_sherd,Sheaf Pottery Sherd,true,false
SHELTER_POTTERY_SHERD,minecraft_shelter_pottery_sherd,Shelter Pottery Sherd,true,false
SKULL_POTTERY_SHERD,minecraft_skull_pottery_sherd,Skull Pottery Sherd,true,false
SNORT_POTTERY_SHERD,minecraft_snort_pottery_sherd,Snort Pottery Sherd,true,false